"id"	"nkid"	"name"	"n1"	"n2"	"n3"	"n4"	"n5"	"n6"	"n7"	"n8"	"n9"
"319"	"011"	"Растениевъдство"	"240"	"175"	"165"	"150"	"150"	"150"	"165"	"165"	"150"
"320"	"0111"	"Отглеждане на зърнени, клубеноплодни, технически и"	"240"	"175"	"165"	"150"	"150"	"150"	"165"	"165"	"150"
"321"	"0112"	"Отглеждане на зеленчуци, дини и пъпеши и други спе"	"240"	"175"	"165"	"150"	"150"	"150"	"165"	"165"	"150"
"322"	"0113"	"Отглеждане на лозови, овощни и други трайни насажд"	"240"	"175"	"165"	"150"	"150"	"150"	"165"	"165"	"150"
"323"	"012"	"Животновъдство"	"240"	"175"	"165"	"150"	"150"	"150"	"165"	"165"	"150"
"324"	"0121"	"Отглеждане на едър рогат добитък"	"240"	"175"	"165"	"150"	"150"	"150"	"165"	"165"	"150"
"325"	"0122"	"Отглеждане на дребен рогат добитък, коне, магарета"	"240"	"175"	"165"	"150"	"150"	"150"	"165"	"165"	"150"
"326"	"0123"	"Отглеждане на свине"	"240"	"175"	"165"	"150"	"150"	"150"	"165"	"165"	"150"
"327"	"0124"	"Отглеждане на домашни птици"	"240"	"175"	"165"	"150"	"150"	"150"	"165"	"165"	"150"
"328"	"0125"	"Отглеждане на други животни"	"240"	"175"	"165"	"150"	"150"	"150"	"165"	"165"	"150"
"329"	"013"	"Комбинирано растениевъдно-животновъдно стопанство"	"240"	"175"	"165"	"150"	"150"	"150"	"165"	"165"	"150"
"330"	"0130"	"Комбинирано растениевъдно-животновъдно стопанство"	"240"	"175"	"165"	"150"	"150"	"150"	"165"	"165"	"150"
"331"	"014"	"Селскостопански услуги, без лечебната ветеринарна"	"240"	"175"	"165"	"150"	"150"	"150"	"165"	"165"	"150"
"332"	"0141"	"Растениевъдни услуги; озеленяване"	"240"	"175"	"165"	"150"	"150"	"150"	"165"	"165"	"150"
"333"	"0142"	"Животновъдни услуги, без лечебната ветеринарна дей"	"240"	"175"	"165"	"150"	"150"	"150"	"165"	"165"	"150"
"334"	"015"	"Лов и развъждане на дивеч и свързани с тях услуги"	"240"	"175"	"165"	"150"	"150"	"150"	"165"	"165"	"150"
"335"	"0150"	"Лов и развъждане на дивеч и свързани с тях услуги"	"240"	"175"	"165"	"150"	"150"	"150"	"165"	"165"	"150"
"336"	"020"	"Горско стопанство, дърводобив и свързани с тях усл"	"210"	"150"	"150"	"150"	"150"	"150"	"150"	"150"	"150"
"337"	"0201"	"Горско стопанство и дърводобив"	"210"	"150"	"150"	"150"	"150"	"150"	"150"	"150"	"150"
"338"	"0202"	"Услуги, свързани с горското стопанство и дърводоби"	"210"	"150"	"150"	"150"	"150"	"150"	"150"	"150"	"150"
"339"	"050"	"Рибно стопанство и свързани с него услуги"	"210"	"150"	"150"	"150"	"150"	"150"	"150"	"150"	"150"
"340"	"0501"	"Риболов"	"210"	"150"	"150"	"150"	"150"	"150"	"150"	"150"	"150"
"341"	"0502"	"Рибовъдство"	"210"	"150"	"150"	"150"	"150"	"150"	"150"	"150"	"150"
"342"	"101"	"Добив и брикетиране на антрацитни и черни въглища"	"360"	"290"	"280"	"200"	"170"	"0"	"280"	"240"	"190"
"343"	"1010"	"Добив и брикетиране на антрацитни и черни въглища"	"360"	"290"	"280"	"200"	"170"	"0"	"280"	"240"	"190"
"344"	"102"	"Добив и брикетиране на кафяви и лигнитни въглища"	"360"	"290"	"280"	"200"	"170"	"0"	"280"	"240"	"190"
"345"	"1020"	"Добив и брикетиране на кафяви и лигнитни въглища"	"360"	"290"	"280"	"200"	"170"	"0"	"280"	"240"	"190"
"346"	"103"	"Добив и брикетиране на торф"	"360"	"290"	"280"	"200"	"170"	"0"	"280"	"240"	"190"
"347"	"1030"	"Добив и брикетиране на торф"	"360"	"290"	"280"	"200"	"170"	"0"	"280"	"240"	"190"
"348"	"111"	"Добив на суров нефт и природен газ"	"360"	"290"	"280"	"200"	"170"	"0"	"280"	"240"	"190"
"349"	"1110"	"Добив на суров нефт и природен газ"	"360"	"290"	"280"	"200"	"170"	"0"	"280"	"240"	"190"
"350"	"112"	"Услуги, свързани с добива на нефт и газ, без проуч"	"360"	"290"	"280"	"200"	"170"	"0"	"280"	"240"	"190"
"351"	"1120"	"Услуги, свързани с добива на нефт и газ, без проуч"	"360"	"290"	"280"	"200"	"170"	"0"	"280"	"240"	"190"
"352"	"120"	"Добив на уранови и ториеви руди и техните концентр"	"360"	"290"	"280"	"200"	"170"	"0"	"280"	"240"	"190"
"353"	"1200"	"Добив на уранови и ториеви руди и техните концентр"	"360"	"290"	"280"	"200"	"170"	"0"	"280"	"240"	"190"
"354"	"131"	"Добив на железни руди и техните концентрати"	"360"	"300"	"270"	"170"	"170"	"0"	"250"	"230"	"170"
"355"	"1310"	"Добив на железни руди и техните концентрати"	"360"	"300"	"270"	"170"	"170"	"0"	"250"	"230"	"170"
"356"	"132"	"Добив на руди на цветни метали и техните концентра"	"360"	"300"	"270"	"170"	"170"	"0"	"250"	"230"	"170"
"357"	"1320"	"Добив на руди на цветни метали и техните концентра"	"360"	"300"	"270"	"170"	"170"	"0"	"250"	"230"	"170"
"358"	"141"	"Добив на скални материали"	"300"	"230"	"210"	"170"	"170"	"0"	"250"	"230"	"170"
"359"	"1411"	"Добив на строителни и декоративни скални материали"	"300"	"230"	"210"	"170"	"170"	"0"	"250"	"230"	"170"
"360"	"1412"	"Добив на варовик, суров гипс, креда и доломит"	"300"	"230"	"210"	"170"	"170"	"0"	"250"	"230"	"170"
"361"	"1413"	"Добив на шисти"	"300"	"230"	"210"	"170"	"170"	"0"	"250"	"230"	"170"
"362"	"142"	"Добив на трошен камък, чакъл, пясък и глина"	"300"	"230"	"210"	"170"	"170"	"0"	"250"	"230"	"170"
"363"	"1421"	"Добив на трошен камък, чакъл и пясък"	"300"	"230"	"210"	"170"	"170"	"0"	"250"	"230"	"170"
"364"	"1422"	"Добив на глина и каолин"	"400"	"300"	"250"	"190"	"190"	"0"	"250"	"250"	"180"
"365"	"143"	"Добив на минерални суровини за химическото произво"	"300"	"230"	"210"	"170"	"170"	"0"	"250"	"230"	"170"
"366"	"1430"	"Добив на минерални суровини за химическото произво"	"300"	"230"	"210"	"170"	"170"	"0"	"250"	"230"	"170"
"367"	"144"	"Производство на сол"	"300"	"230"	"210"	"170"	"170"	"0"	"250"	"230"	"170"
"368"	"1440"	"Производство на сол"	"300"	"230"	"210"	"170"	"170"	"0"	"250"	"230"	"170"
"369"	"145"	"Добив на други неметални материали и суровини, нек"	"300"	"230"	"210"	"170"	"170"	"0"	"250"	"230"	"170"
"370"	"1450"	"Добив на други неметални материали и суровини, нек"	"300"	"230"	"210"	"170"	"170"	"0"	"250"	"230"	"170"
"371"	"151"	"Производство, преработка и консервиране на месо и"	"360"	"270"	"220"	"170"	"160"	"155"	"180"	"180"	"155"
"372"	"1511"	"Производство на месо, без месо от домашни птици"	"360"	"270"	"220"	"170"	"160"	"155"	"180"	"180"	"155"
"373"	"1512"	"Производство на месо от домашни птици и от животни"	"360"	"270"	"220"	"170"	"160"	"155"	"180"	"180"	"155"
"374"	"1513"	"Производство на месни продукти"	"360"	"270"	"220"	"170"	"160"	"155"	"180"	"180"	"155"
"375"	"152"	"Преработка и консервиране на риба и други водни жи"	"380"	"280"	"230"	"170"	"160"	"160"	"180"	"190"	"160"
"376"	"1520"	"Преработка и консервиране на риба и други водни жи"	"380"	"280"	"230"	"170"	"160"	"160"	"180"	"190"	"160"
"377"	"153"	"Преработка и консервиране на плодове и зеленчуци"	"350"	"275"	"220"	"160"	"153"	"0"	"160"	"185"	"153"
"378"	"1531"	"Преработка и консервиране на картофи"	"350"	"275"	"220"	"160"	"153"	"0"	"160"	"185"	"153"
"379"	"1532"	"Производство на плодови и зеленчукови сокове"	"350"	"275"	"220"	"160"	"153"	"0"	"160"	"185"	"153"
"380"	"1533"	"Преработка и консервиране на плодове и зеленчуци,"	"350"	"275"	"220"	"160"	"153"	"0"	"160"	"185"	"153"
"381"	"154"	"Производство на растителни и животински масла и ма"	"410"	"350"	"300"	"185"	"160"	"160"	"180"	"250"	"160"
"382"	"1541"	"Производство на сурови масла и мазнини"	"410"	"350"	"300"	"185"	"160"	"160"	"180"	"250"	"160"
"383"	"1542"	"Производство на рафинирани масла и мазнини"	"410"	"350"	"300"	"185"	"160"	"160"	"180"	"250"	"160"
"384"	"1543"	"Производство на маргарин и други подобни хранителн"	"410"	"350"	"300"	"185"	"160"	"160"	"180"	"250"	"160"
"385"	"155"	"Производство на мляко и млечни продукти"	"400"	"310"	"250"	"175"	"155"	"0"	"170"	"190"	"153"
"386"	"1551"	"Производство на мляко и млечни продукти, без сладо"	"400"	"310"	"250"	"175"	"155"	"0"	"170"	"190"	"153"
"387"	"1552"	"Производство на сладолед"	"400"	"310"	"250"	"175"	"155"	"0"	"170"	"190"	"153"
"388"	"156"	"Производство на мелничарски продукти, нишесте и ни"	"420"	"300"	"280"	"180"	"180"	"0"	"195"	"205"	"155"
"389"	"1561"	"Производство на мелничарски продукти"	"420"	"300"	"280"	"180"	"180"	"0"	"195"	"205"	"155"
"390"	"1562"	"Производство на нишесте и нишестени продукти"	"420"	"300"	"280"	"180"	"180"	"0"	"195"	"205"	"155"
"391"	"157"	"Производство на готови храни за животни"	"400"	"290"	"280"	"185"	"150"	"155"	"195"	"220"	"155"
"392"	"1571"	"Производство на готови храни за селскостопански жи"	"400"	"290"	"280"	"185"	"150"	"155"	"195"	"220"	"155"
"393"	"1572"	"Производство на готови храни за домашни галени жив"	"400"	"290"	"280"	"185"	"150"	"155"	"195"	"220"	"155"
"394"	"158"	"Производство на хляб, хлебни изделия и други храни"	"390"	"305"	"280"	"170"	"160"	"0"	"170"	"210"	"155"
"395"	"1581"	"Производство на хляб, хлебни изделия и пресни слад"	"390"	"305"	"280"	"170"	"160"	"0"	"170"	"210"	"155"
"396"	"1582"	"Производство на сухари, бисквити и сухи сладкарски"	"390"	"305"	"280"	"170"	"160"	"0"	"170"	"210"	"155"
"397"	"1583"	"Производство на захар"	"410"	"310"	"300"	"200"	"155"	"155"	"200"	"230"	"155"
"398"	"1584"	"Производство на какао, шоколадови и захарни издели"	"410"	"310"	"300"	"200"	"155"	"155"	"200"	"230"	"155"
"399"	"1585"	"Производство на макарони, юфка, кус-кус и подобни"	"390"	"305"	"280"	"170"	"160"	"0"	"170"	"210"	"155"
"400"	"1586"	"Преработка на кафе и чай"	"390"	"305"	"280"	"170"	"160"	"0"	"170"	"210"	"155"
"401"	"1587"	"Производство на хранителни подправки и сосове"	"390"	"305"	"280"	"170"	"160"	"0"	"170"	"210"	"155"
"402"	"1588"	"Производство на хомогенизирани готови храни, вкл."	"390"	"305"	"280"	"170"	"160"	"0"	"170"	"210"	"155"
"403"	"1589"	"Производство на други хранителни продукти, некласи"	"390"	"305"	"280"	"170"	"160"	"0"	"170"	"210"	"155"
"404"	"159"	"Производство на напитки"	"360"	"280"	"240"	"150"	"150"	"150"	"150"	"190"	"150"
"405"	"1591"	"Производство на спиртни напитки"	"360"	"280"	"240"	"150"	"150"	"150"	"150"	"190"	"150"
"406"	"1592"	"Производство на етилов алкохол от ферментирали про"	"360"	"280"	"240"	"150"	"150"	"150"	"150"	"190"	"150"
"407"	"1593"	"Производство на вина от грозде"	"360"	"280"	"240"	"150"	"150"	"150"	"150"	"190"	"150"
"408"	"1594"	"Производство на други ферментирали напитки, без те"	"360"	"280"	"240"	"150"	"150"	"150"	"150"	"190"	"150"
"409"	"1595"	"Производство на други недестилирани алкохолни напи"	"360"	"280"	"240"	"150"	"150"	"150"	"150"	"190"	"150"
"410"	"1596"	"Производство на пиво"	"360"	"290"	"255"	"160"	"165"	"0"	"170"	"210"	"160"
"411"	"1597"	"Производство на малц"	"360"	"290"	"255"	"160"	"165"	"0"	"170"	"210"	"160"
"412"	"1598"	"Производство на минерални води и безалкохолни напи"	"390"	"320"	"280"	"180"	"160"	"0"	"180"	"200"	"155"
"413"	"160"	"Производство на тютюневи изделия"	"410"	"400"	"280"	"220"	"180"	"150"	"190"	"220"	"150"
"414"	"1600"	"Производство на тютюневи изделия"	"410"	"400"	"280"	"220"	"180"	"150"	"190"	"220"	"150"
"415"	"171"	"Подготовка и предене на текстилни влакна и прежди"	"260"	"210"	"190"	"170"	"150"	"150"	"170"	"170"	"150"
"416"	"1711"	"Подготовка на памук за предене и производство на п"	"260"	"210"	"190"	"170"	"150"	"150"	"170"	"170"	"150"
"417"	"1712"	"Подготовка на щрайхгарна вълна за предене и произв"	"260"	"210"	"190"	"170"	"150"	"150"	"170"	"170"	"150"
"418"	"1713"	"Подготовка на камгарна вълна за предене и производ"	"260"	"210"	"190"	"170"	"150"	"150"	"170"	"170"	"150"
"419"	"1714"	"Подготовка на лен за предене и производство на лен"	"260"	"210"	"190"	"170"	"150"	"150"	"170"	"170"	"150"
"420"	"1715"	"Източване на естествена коприна и подготовка на си"	"260"	"210"	"190"	"170"	"150"	"150"	"170"	"170"	"150"
"421"	"1716"	"Производство на шевни конци"	"260"	"210"	"190"	"170"	"150"	"150"	"170"	"170"	"150"
"422"	"1717"	"Подготовка на други видове естествени влакна за пр"	"260"	"210"	"190"	"170"	"150"	"150"	"170"	"170"	"150"
"423"	"172"	"Производство на тъкани"	"260"	"210"	"190"	"170"	"150"	"150"	"170"	"170"	"150"
"424"	"1721"	"Производство на памучни и тип памучни тъкани"	"260"	"210"	"190"	"170"	"150"	"150"	"170"	"170"	"150"
"425"	"1722"	"Производство на щрайхгарни вълнени и тип вълнени т"	"260"	"210"	"190"	"170"	"150"	"150"	"170"	"170"	"150"
"426"	"1723"	"Производство на камгарни вълнени и тип вълнени тък"	"260"	"210"	"190"	"170"	"150"	"150"	"170"	"170"	"150"
"427"	"1724"	"Производство на копринени и тип копринени тъкани"	"260"	"210"	"190"	"170"	"150"	"150"	"170"	"170"	"150"
"428"	"1725"	"Производство на други тъкани"	"260"	"210"	"190"	"170"	"150"	"150"	"170"	"170"	"150"
"429"	"173"	"Облагородяване на прежди, тъкани и облекло"	"260"	"210"	"190"	"170"	"150"	"150"	"170"	"170"	"150"
"430"	"1730"	"Облагородяване на прежди, тъкани и облекло"	"260"	"210"	"190"	"170"	"150"	"150"	"170"	"170"	"150"
"431"	"174"	"Производство на конфекционирани текстилни изделия,"	"260"	"210"	"190"	"170"	"150"	"150"	"170"	"170"	"150"
"432"	"1740"	"Производство на конфекционирани текстилни изделия,"	"260"	"210"	"190"	"170"	"150"	"150"	"170"	"170"	"150"
"433"	"175"	"Производство на други текстилни изделия"	"260"	"210"	"190"	"170"	"150"	"150"	"170"	"170"	"150"
"434"	"1751"	"Производство на килими и текстилни подови настилки"	"260"	"210"	"190"	"170"	"150"	"150"	"170"	"170"	"150"
"435"	"1752"	"Производство на канапи, въжета, мрежи и изделия от"	"260"	"210"	"190"	"170"	"150"	"150"	"170"	"170"	"150"
"436"	"1753"	"Производство на нетъкани текстилни изделия"	"260"	"210"	"190"	"170"	"150"	"150"	"170"	"170"	"150"
"437"	"1754"	"Производство на други текстилни изделия, некласифи"	"260"	"210"	"190"	"170"	"150"	"150"	"170"	"170"	"150"
"438"	"176"	"Производство на плетени платове"	"260"	"210"	"190"	"170"	"150"	"150"	"170"	"170"	"150"
"439"	"1760"	"Производство на плетени платове"	"260"	"210"	"190"	"170"	"150"	"150"	"170"	"170"	"150"
"440"	"177"	"Производство на трикотажни изделия"	"270"	"200"	"170"	"150"	"155"	"0"	"160"	"160"	"150"
"441"	"1771"	"Производство на чорапи и чорапогащи"	"270"	"200"	"170"	"150"	"155"	"0"	"160"	"160"	"150"
"442"	"1772"	"Производство на класически (машинно или ръчно плет"	"270"	"200"	"170"	"150"	"155"	"0"	"160"	"160"	"150"
"443"	"181"	"Производство на облекло от обработени меки кожи"	"280"	"200"	"170"	"150"	"150"	"150"	"150"	"150"	"150"
"444"	"1810"	"Производство на облекло от обработени меки кожи"	"280"	"200"	"170"	"150"	"150"	"150"	"150"	"150"	"150"
"445"	"182"	"Производство на друго облекло и допълнения за обле"	"280"	"200"	"170"	"150"	"150"	"150"	"150"	"150"	"150"
"446"	"1821"	"Производство на работно облекло"	"280"	"200"	"170"	"150"	"150"	"150"	"150"	"150"	"150"
"447"	"1822"	"Производство на горно облекло, без работно"	"280"	"200"	"170"	"150"	"150"	"150"	"150"	"150"	"150"
"448"	"1823"	"Производство на ризи, блузи и друго долно облекло"	"280"	"200"	"170"	"150"	"150"	"150"	"150"	"150"	"150"
"449"	"1824"	"Производство на друго облекло и допълнения за обле"	"280"	"200"	"170"	"150"	"150"	"150"	"150"	"150"	"150"
"450"	"183"	"Обработка на кожухарски кожи и производство на изд"	"280"	"200"	"170"	"150"	"150"	"150"	"150"	"150"	"150"
"451"	"1830"	"Обработка на кожухарски кожи и производство на изд"	"280"	"200"	"170"	"150"	"150"	"150"	"150"	"150"	"150"
"452"	"191"	"Производство на обработени кожи без косъм"	"270"	"200"	"190"	"150"	"150"	"0"	"150"	"150"	"150"
"453"	"1910"	"Производство на обработени кожи без косъм"	"270"	"200"	"190"	"150"	"150"	"0"	"150"	"150"	"150"
"454"	"192"	"Производство на куфари, чанти и други изделия за п"	"270"	"200"	"190"	"150"	"150"	"0"	"150"	"150"	"150"
"455"	"1920"	"Производство на куфари, чанти и други изделия за п"	"270"	"200"	"190"	"150"	"150"	"0"	"150"	"150"	"150"
"456"	"193"	"Производство на обувки"	"270"	"200"	"190"	"150"	"150"	"0"	"150"	"150"	"150"
"457"	"1930"	"Производство на обувки"	"270"	"200"	"190"	"150"	"150"	"0"	"150"	"150"	"150"
"458"	"201"	"Разкрояване, рендосване и импрегниране на дървен м"	"230"	"200"	"180"	"150"	"150"	"0"	"160"	"165"	"150"
"459"	"2010"	"Разкроявяне, рендосване и импрегниране на дървен м"	"230"	"200"	"180"	"150"	"150"	"0"	"160"	"165"	"150"
"460"	"202"	"Производство на фурнир и дървесни плочи"	"230"	"200"	"180"	"150"	"150"	"0"	"160"	"165"	"150"
"461"	"2020"	"Производство на фурнир и дървесни плочи"	"230"	"200"	"180"	"150"	"150"	"0"	"160"	"165"	"150"
"462"	"203"	"Производство на дограма, конструкции и детайли от"	"230"	"200"	"180"	"150"	"150"	"0"	"160"	"165"	"150"
"463"	"2030"	"Производство на дограма, конструкции и детайли от"	"230"	"200"	"180"	"150"	"150"	"0"	"160"	"165"	"150"
"464"	"204"	"Производство на амбалаж от дървен материал"	"230"	"200"	"180"	"150"	"150"	"0"	"160"	"165"	"150"
"465"	"2040"	"Производство на амбалаж от дървен материал"	"230"	"200"	"180"	"150"	"150"	"0"	"160"	"165"	"150"
"466"	"205"	"Производство на други изделия от дървен материал;"	"230"	"200"	"180"	"150"	"150"	"0"	"160"	"165"	"150"
"467"	"2051"	"Производство на други изделия от дървен материал"	"230"	"200"	"180"	"150"	"150"	"0"	"160"	"165"	"150"
"468"	"2052"	"Производство на изделия от корк, слама и материали"	"230"	"200"	"180"	"150"	"150"	"0"	"160"	"165"	"150"
"469"	"211"	"Производство на дървесна маса, хартия и картон"	"230"	"200"	"180"	"150"	"150"	"0"	"155"	"155"	"150"
"470"	"2111"	"Производство на дървесна маса"	"230"	"200"	"180"	"150"	"150"	"0"	"155"	"155"	"150"
"471"	"2112"	"Производство на хартия и картон"	"230"	"200"	"180"	"150"	"150"	"0"	"155"	"155"	"150"
"472"	"212"	"Производство на изделия от хартия и картон"	"230"	"200"	"180"	"150"	"150"	"0"	"155"	"155"	"150"
"473"	"2121"	"Производство на вълнообразен картон и опаковки от"	"230"	"200"	"180"	"150"	"150"	"0"	"155"	"155"	"150"
"474"	"2122"	"Производство на домакински, санитарно-хигиенни и т"	"230"	"200"	"180"	"150"	"150"	"0"	"155"	"155"	"150"
"475"	"2123"	"Производство на канцеларски изделия от хартия и ка"	"230"	"200"	"180"	"150"	"150"	"0"	"155"	"155"	"150"
"476"	"2124"	"Производство на тапети и подобни стенни облицовки"	"230"	"200"	"180"	"150"	"150"	"0"	"155"	"155"	"150"
"477"	"2125"	"Производство на други изделия от хартия и картон"	"230"	"200"	"180"	"150"	"150"	"0"	"155"	"155"	"150"
"478"	"221"	"Издателска дейност"	"200"	"180"	"170"	"150"	"150"	"150"	"160"	"150"	"150"
"479"	"2211"	"Издаване на книги и други непериодични издания"	"200"	"180"	"170"	"150"	"150"	"150"	"160"	"150"	"150"
"480"	"2212"	"Издаване на вестници"	"200"	"180"	"170"	"150"	"150"	"150"	"160"	"150"	"150"
"481"	"2213"	"Издаване на списания и други периодични издания"	"200"	"180"	"170"	"150"	"150"	"150"	"160"	"150"	"150"
"482"	"2214"	"Издаване на звукозаписи"	"200"	"180"	"170"	"150"	"150"	"150"	"160"	"150"	"150"
"483"	"2215"	"Друга издателска дейност"	"200"	"180"	"170"	"150"	"150"	"150"	"160"	"150"	"150"
"484"	"222"	"Полиграфическа и други дейности, свързани с печата"	"200"	"180"	"170"	"150"	"150"	"150"	"160"	"150"	"150"
"485"	"2221"	"Печатане на вестници"	"200"	"180"	"170"	"150"	"150"	"150"	"160"	"150"	"150"
"486"	"2222"	"Печатане на други издания и печатни продукти"	"200"	"180"	"170"	"150"	"150"	"150"	"160"	"150"	"150"
"487"	"2223"	"Подвързване на печатни издания"	"200"	"180"	"170"	"150"	"150"	"150"	"160"	"150"	"150"
"488"	"2224"	"Предпечатна подготовка"	"200"	"180"	"170"	"150"	"150"	"150"	"160"	"150"	"150"
"489"	"2225"	"Спомагателни дейности, свързани с печатането"	"200"	"180"	"170"	"150"	"150"	"150"	"160"	"150"	"150"
"490"	"223"	"Възпроизвеждане на записани носители"	"200"	"180"	"170"	"150"	"150"	"150"	"160"	"150"	"150"
"491"	"2231"	"Възпроизвеждане на звукозаписи"	"200"	"180"	"170"	"150"	"150"	"150"	"160"	"150"	"150"
"492"	"2232"	"Възпроизвеждане на видеозаписи"	"200"	"180"	"170"	"150"	"150"	"150"	"160"	"150"	"150"
"493"	"2233"	"Възпроизвеждане на компютърни записи"	"200"	"180"	"170"	"150"	"150"	"150"	"160"	"150"	"150"
"494"	"231"	"Производство на кокс и продукти на коксуването"	"700"	"520"	"410"	"300"	"350"	"0"	"370"	"380"	"220"
"495"	"2310"	"Производство на кокс и продукти на коксуването"	"700"	"520"	"410"	"300"	"350"	"0"	"370"	"380"	"220"
"496"	"232"	"Производство на рафинирани нефтопродукти"	"700"	"520"	"410"	"300"	"350"	"0"	"370"	"380"	"220"
"497"	"2320"	"Производство на рафинирани нефтопродукти"	"700"	"520"	"410"	"300"	"350"	"0"	"370"	"380"	"220"
"498"	"233"	"Производство и преработка на ядрено гориво"	"700"	"520"	"410"	"300"	"350"	"0"	"370"	"380"	"220"
"499"	"2330"	"Производство и преработка на ядрено гориво"	"700"	"520"	"410"	"300"	"350"	"0"	"370"	"380"	"220"
"500"	"241"	"Производство на основни химични вещества"	"370"	"290"	"210"	"160"	"150"	"150"	"200"	"190"	"150"
"501"	"2411"	"Производство на промишлени газове"	"370"	"290"	"210"	"160"	"150"	"150"	"200"	"190"	"150"
"502"	"2412"	"Производство на багрила и пигменти"	"370"	"290"	"210"	"160"	"150"	"150"	"200"	"190"	"150"
"503"	"2413"	"Производство на други основни неорганични химични"	"370"	"290"	"210"	"160"	"150"	"150"	"200"	"190"	"150"
"504"	"2414"	"Производство на други основни органични химични ве"	"370"	"290"	"210"	"160"	"150"	"150"	"200"	"190"	"150"
"505"	"2415"	"Производство на азотни съединения и торове"	"370"	"290"	"210"	"160"	"150"	"150"	"200"	"190"	"150"
"506"	"2416"	"Производство на полимери в първични форми"	"370"	"290"	"210"	"160"	"150"	"150"	"200"	"190"	"150"
"507"	"2417"	"Производство на синтетичен каучук в първични форми"	"370"	"290"	"210"	"160"	"150"	"150"	"200"	"190"	"150"
"508"	"242"	"Производство на пестициди и други агрохимикали"	"370"	"290"	"210"	"160"	"150"	"150"	"200"	"190"	"150"
"509"	"2420"	"Производство на пестициди и други агрохимикали"	"370"	"290"	"210"	"160"	"150"	"150"	"200"	"190"	"150"
"510"	"243"	"Производство на бои, лакове и подобни продукти, пе"	"370"	"290"	"210"	"160"	"150"	"150"	"200"	"190"	"150"
"511"	"2430"	"Производство на бои, лакове и подобни продукти, пе"	"370"	"290"	"210"	"160"	"150"	"150"	"200"	"190"	"150"
"512"	"244"	"Производство на лекарствени вещества и продукти"	"370"	"290"	"210"	"160"	"150"	"150"	"200"	"190"	"150"
"513"	"2441"	"Производство на лекарствени вещества"	"370"	"290"	"210"	"160"	"150"	"150"	"200"	"190"	"150"
"514"	"2442"	"Производство на лекарствени продукти"	"370"	"290"	"210"	"160"	"150"	"150"	"200"	"190"	"150"
"515"	"245"	"Производство на сапун, миещи, почистващи и полиращ"	"370"	"290"	"210"	"160"	"150"	"150"	"200"	"190"	"150"
"516"	"2451"	"Производство на сапун, миещи, почистващи и полиращ"	"370"	"290"	"210"	"160"	"150"	"150"	"200"	"190"	"150"
"517"	"2452"	"Производство на парфюми и тоалетни продукти"	"370"	"290"	"210"	"160"	"150"	"150"	"200"	"190"	"150"
"518"	"246"	"Производство на други химични продукти"	"370"	"290"	"210"	"160"	"150"	"150"	"200"	"190"	"150"
"519"	"2461"	"Производство на експлозиви"	"370"	"290"	"210"	"160"	"150"	"150"	"200"	"190"	"150"
"520"	"2462"	"Производство на лепила и желатини"	"370"	"290"	"210"	"160"	"150"	"150"	"200"	"190"	"150"
"521"	"2463"	"Производство на етерични масла"	"370"	"290"	"210"	"160"	"150"	"150"	"200"	"190"	"150"
"522"	"2464"	"Производство на фотографски химични материали"	"370"	"290"	"210"	"160"	"150"	"150"	"200"	"190"	"150"
"523"	"2465"	"Производство на готови незаписани носители"	"370"	"290"	"210"	"160"	"150"	"150"	"200"	"190"	"150"
"524"	"2466"	"Производство на други химични продукти, некласифиц"	"370"	"290"	"210"	"160"	"150"	"150"	"200"	"190"	"150"
"525"	"247"	"Производство на изкуствени и синтетични влакна"	"370"	"290"	"210"	"160"	"150"	"150"	"200"	"190"	"150"
"526"	"2470"	"Производство на изкуствени и синтетични влакна"	"370"	"290"	"210"	"160"	"150"	"150"	"200"	"190"	"150"
"527"	"251"	"Производство на изделия от каучук"	"260"	"180"	"170"	"160"	"150"	"150"	"170"	"160"	"150"
"528"	"2511"	"Производство на гуми, външни и вътрешни"	"260"	"180"	"170"	"160"	"150"	"150"	"170"	"160"	"150"
"529"	"2512"	"Регенериране на пневматични гуми"	"260"	"180"	"170"	"160"	"150"	"150"	"170"	"160"	"150"
"530"	"2513"	"Производство на други изделия от каучук"	"260"	"180"	"170"	"160"	"150"	"150"	"170"	"160"	"150"
"531"	"252"	"Производство на изделия от пластмаси"	"260"	"180"	"170"	"160"	"150"	"150"	"170"	"160"	"150"
"532"	"2521"	"Производство на листове, плочи, тръби и профили от"	"260"	"180"	"170"	"160"	"150"	"150"	"170"	"160"	"150"
"533"	"2522"	"Производство на опаковки от пластмаси"	"260"	"180"	"170"	"160"	"150"	"150"	"170"	"160"	"150"
"534"	"2523"	"Производство на изделия от пластмаси за строителст"	"260"	"180"	"170"	"160"	"150"	"150"	"170"	"160"	"150"
"535"	"2524"	"Производство на други изделия от пластмаси"	"260"	"180"	"170"	"160"	"150"	"150"	"170"	"160"	"150"
"536"	"261"	"Производство на стъкло и изделия от стъкло"	"270"	"200"	"180"	"160"	"150"	"0"	"180"	"180"	"150"
"537"	"2611"	"Производство на необработено плоско стъкло"	"270"	"200"	"180"	"160"	"150"	"0"	"180"	"180"	"150"
"538"	"2612"	"Формоване и обработка на плоско стъкло"	"270"	"200"	"180"	"160"	"150"	"0"	"180"	"180"	"150"
"539"	"2613"	"Производство на амбалаж и домакински изделия от ст"	"270"	"200"	"180"	"160"	"150"	"0"	"180"	"180"	"150"
"540"	"2614"	"Производство на стъклени влакна"	"270"	"200"	"180"	"160"	"150"	"0"	"180"	"180"	"150"
"541"	"2615"	"Производство и обработка на други изделия от стъкл"	"270"	"200"	"180"	"160"	"150"	"0"	"180"	"180"	"150"
"542"	"262"	"Производство на керамични изделия, без неогнеупорн"	"270"	"200"	"180"	"160"	"150"	"0"	"180"	"180"	"150"
"543"	"2621"	"Производство на домакински и декоративни изделия о"	"270"	"200"	"180"	"160"	"150"	"0"	"180"	"180"	"150"
"544"	"2622"	"Производство на санитарна керамика"	"270"	"200"	"180"	"160"	"150"	"0"	"180"	"180"	"150"
"545"	"2623"	"Производство на керамични изолатори"	"270"	"200"	"180"	"160"	"150"	"0"	"180"	"180"	"150"
"546"	"2624"	"Производство на други керамични изделия за техниче"	"270"	"200"	"180"	"160"	"150"	"0"	"180"	"180"	"150"
"547"	"2625"	"Производство на други керамични изделия"	"270"	"200"	"180"	"160"	"150"	"0"	"180"	"180"	"150"
"548"	"2626"	"Производство на огнеупорни керамични изделия"	"270"	"200"	"180"	"160"	"150"	"0"	"180"	"180"	"150"
"549"	"263"	"Производство на керамични плочки"	"270"	"200"	"180"	"160"	"150"	"0"	"180"	"180"	"150"
"550"	"2630"	"Производство на керамични плочки"	"270"	"200"	"180"	"160"	"150"	"0"	"180"	"180"	"150"
"551"	"264"	"Производство на тухли, керемиди и други строителни"	"270"	"200"	"180"	"160"	"150"	"0"	"180"	"180"	"150"
"552"	"2640"	"Производство на тухли, керемиди и други строителни"	"270"	"200"	"180"	"160"	"150"	"0"	"180"	"180"	"150"
"553"	"265"	"Производство на цимент, вар и гипс"	"270"	"200"	"180"	"160"	"150"	"0"	"180"	"180"	"150"
"554"	"2651"	"Производство на цимент"	"270"	"200"	"180"	"160"	"150"	"0"	"180"	"180"	"150"
"555"	"2652"	"Производство на вар"	"270"	"200"	"180"	"160"	"150"	"0"	"180"	"180"	"150"
"556"	"2653"	"Производство на гипс"	"270"	"200"	"180"	"160"	"150"	"0"	"180"	"180"	"150"
"557"	"266"	"Производство на изделия от бетон, гипс и цимент"	"270"	"200"	"180"	"160"	"150"	"0"	"180"	"180"	"150"
"558"	"2661"	"Производство на изделия от бетон за строителството"	"270"	"200"	"180"	"160"	"150"	"0"	"180"	"180"	"150"
"559"	"2662"	"Производство на изделия от гипс за строителството"	"270"	"200"	"180"	"160"	"150"	"0"	"180"	"180"	"150"
"560"	"2663"	"Производство на готови бетонови смеси"	"270"	"200"	"180"	"160"	"150"	"0"	"180"	"180"	"150"
"561"	"2664"	"Производство на хоросан"	"270"	"200"	"180"	"160"	"150"	"0"	"180"	"180"	"150"
"562"	"2665"	"Производство на влакнесто-циментови изделия"	"270"	"200"	"180"	"160"	"150"	"0"	"180"	"180"	"150"
"563"	"2666"	"Производство на други изделия от бетон, гипс и цим"	"270"	"200"	"180"	"160"	"150"	"0"	"180"	"180"	"150"
"564"	"267"	"Рязане, профилиране и обработване на строителни и"	"270"	"200"	"180"	"160"	"150"	"0"	"180"	"180"	"150"
"565"	"2670"	"Рязане, профилиране и обработване на строителни и"	"270"	"200"	"180"	"160"	"150"	"0"	"180"	"180"	"150"
"566"	"268"	"Производство на продукти от други неметални минера"	"270"	"200"	"180"	"160"	"150"	"0"	"180"	"180"	"150"
"567"	"2681"	"Производство на абразивни продукти"	"270"	"200"	"180"	"160"	"150"	"0"	"180"	"180"	"150"
"568"	"2682"	"Производство на продукти от други неметални минера"	"270"	"200"	"180"	"160"	"150"	"0"	"180"	"180"	"150"
"569"	"271"	"Производство на чугун, стомана и феросплави"	"410"	"260"	"250"	"170"	"150"	"170"	"220"	"240"	"150"
"570"	"2710"	"Производство на чугун, стомана и феросплави"	"410"	"260"	"250"	"170"	"150"	"170"	"220"	"240"	"150"
"571"	"272"	"Производство на тръби"	"410"	"260"	"250"	"170"	"150"	"170"	"220"	"240"	"150"
"572"	"2721"	"Производство на чугунени тръби"	"410"	"260"	"250"	"170"	"150"	"170"	"220"	"240"	"150"
"573"	"2722"	"Производство на стоманени тръби"	"410"	"260"	"250"	"170"	"150"	"170"	"220"	"240"	"150"
"574"	"273"	"Друга първична обработка на стомана"	"410"	"260"	"250"	"170"	"150"	"170"	"220"	"240"	"150"
"575"	"2731"	"Студено изтегляне на стомана"	"410"	"260"	"250"	"170"	"150"	"170"	"220"	"240"	"150"
"576"	"2732"	"Студено валцуванe на тесни ленти от стомана"	"410"	"260"	"250"	"170"	"150"	"170"	"220"	"240"	"150"
"577"	"2733"	"Студено формоване или фалцоване на стомана"	"410"	"260"	"250"	"170"	"150"	"170"	"220"	"240"	"150"
"578"	"2734"	"Изтегляне на тел"	"410"	"260"	"250"	"170"	"150"	"170"	"220"	"240"	"150"
"579"	"274"	"Производство на благородни и цветни метали"	"410"	"260"	"250"	"170"	"150"	"170"	"220"	"240"	"150"
"580"	"2741"	"Производство на благородни метали"	"410"	"260"	"250"	"170"	"150"	"170"	"220"	"240"	"150"
"581"	"2742"	"Производство на алуминий и алуминиеви сплави"	"410"	"260"	"250"	"170"	"150"	"170"	"220"	"240"	"150"
"582"	"2743"	"Производство на олово, цинк, калай и техните сплав"	"410"	"260"	"250"	"170"	"150"	"170"	"220"	"240"	"150"
"583"	"2744"	"Производство на мед и медни сплави"	"410"	"260"	"250"	"170"	"150"	"170"	"220"	"240"	"150"
"584"	"2745"	"Производство на други цветни метали и техните спла"	"410"	"260"	"250"	"170"	"150"	"170"	"220"	"240"	"150"
"585"	"275"	"Леене на метали"	"385"	"235"	"235"	"150"	"150"	"150"	"195"	"215"	"150"
"586"	"2751"	"Леене на чугун"	"385"	"235"	"235"	"150"	"150"	"150"	"195"	"215"	"150"
"587"	"2752"	"Леене на стомана"	"385"	"235"	"235"	"150"	"150"	"150"	"195"	"215"	"150"
"588"	"2753"	"Леене на леки метали"	"385"	"235"	"235"	"150"	"150"	"150"	"195"	"215"	"150"
"589"	"2754"	"Леене на други цветни и благородни метали"	"385"	"235"	"235"	"150"	"150"	"150"	"195"	"215"	"150"
"590"	"281"	"Производство на метални изделия за строителството"	"290"	"175"	"175"	"150"	"150"	"150"	"160"	"160"	"150"
"591"	"2811"	"Производство на метални конструкции и части от тях"	"290"	"175"	"175"	"150"	"150"	"150"	"160"	"160"	"150"
"592"	"2812"	"Производство на метална дограма за строителството"	"290"	"175"	"175"	"150"	"150"	"150"	"160"	"160"	"150"
"593"	"282"	"Производство на цистерни, резервоари и контейнери"	"290"	"175"	"175"	"150"	"150"	"150"	"160"	"160"	"150"
"594"	"2821"	"Производство на цистерни, резервоари и контейнери"	"290"	"175"	"175"	"150"	"150"	"150"	"160"	"160"	"150"
"595"	"2822"	"Производство на котли за отопление и радиатори с н"	"290"	"175"	"175"	"150"	"150"	"150"	"160"	"160"	"150"
"596"	"283"	"Производство на парни котли, без котли за отоплени"	"290"	"175"	"175"	"150"	"150"	"150"	"160"	"160"	"150"
"597"	"2830"	"Производство на парни котли, без котли за отоплени"	"290"	"175"	"175"	"150"	"150"	"150"	"160"	"160"	"150"
"598"	"284"	"Коване, пресоване, щамповане и валцуване на метал;"	"290"	"175"	"175"	"150"	"150"	"150"	"160"	"160"	"150"
"599"	"2840"	"Коване, пресоване, щамповане и валцуване на метал;"	"290"	"175"	"175"	"150"	"150"	"150"	"160"	"160"	"150"
"600"	"285"	"Друго металообработване"	"290"	"175"	"175"	"150"	"150"	"150"	"160"	"160"	"150"
"601"	"2851"	"Повърхностно обработване и нанасяне на покритие въ"	"290"	"175"	"175"	"150"	"150"	"150"	"160"	"160"	"150"
"602"	"2852"	"Механично обработване на метал"	"290"	"175"	"175"	"150"	"150"	"150"	"160"	"160"	"150"
"603"	"286"	"Производство на кухненски прибори, инструменти и ж"	"290"	"175"	"175"	"150"	"150"	"150"	"160"	"160"	"150"
"604"	"2861"	"Производство на кухненски прибори и ножарски издел"	"290"	"175"	"175"	"150"	"150"	"150"	"160"	"160"	"150"
"605"	"2862"	"Производство на сечива за ръчна употреба и инструм"	"290"	"175"	"175"	"150"	"150"	"150"	"160"	"160"	"150"
"606"	"2863"	"Производство на строителен и мебелен обков"	"290"	"175"	"175"	"150"	"150"	"150"	"160"	"160"	"150"
"607"	"287"	"Производство на други метални изделия"	"290"	"175"	"175"	"150"	"150"	"150"	"160"	"160"	"150"
"608"	"2871"	"Производство на варели и подобни съдове от стомана"	"290"	"175"	"175"	"150"	"150"	"150"	"160"	"160"	"150"
"609"	"2872"	"Производство на леки опаковки от метал"	"290"	"175"	"175"	"150"	"150"	"150"	"160"	"160"	"150"
"610"	"2873"	"Производство на изделия от тел"	"290"	"175"	"175"	"150"	"150"	"150"	"160"	"160"	"150"
"611"	"2874"	"Производство на скрепителни елементи, вериги и пру"	"290"	"175"	"175"	"150"	"150"	"150"	"160"	"160"	"150"
"612"	"2875"	"Производство на други метални изделия, некласифици"	"290"	"175"	"175"	"150"	"150"	"150"	"160"	"160"	"150"
"613"	"291"	"Производство на машини за произвеждане и използван"	"320"	"210"	"180"	"150"	"150"	"150"	"180"	"190"	"150"
"614"	"2911"	"Производство на турбини и двигатели, без авиационн"	"350"	"250"	"230"	"160"	"150"	"150"	"200"	"200"	"160"
"615"	"2912"	"Производство на помпи и компресори"	"320"	"210"	"180"	"150"	"150"	"150"	"180"	"190"	"150"
"616"	"2913"	"Производство на арматурни изделия"	"320"	"210"	"180"	"150"	"150"	"150"	"180"	"190"	"150"
"617"	"2914"	"Производство на лагери, предавки и съединители"	"320"	"210"	"180"	"150"	"150"	"150"	"180"	"190"	"150"
"618"	"292"	"Производство на машини с общо предназначение"	"320"	"210"	"180"	"150"	"150"	"150"	"180"	"190"	"150"
"619"	"2921"	"Производство на пещи и горелки"	"320"	"210"	"180"	"150"	"150"	"150"	"180"	"190"	"150"
"620"	"2922"	"Производство на подемно-транспортни машини, вкл. а"	"320"	"210"	"180"	"150"	"150"	"150"	"180"	"190"	"150"
"621"	"2923"	"Производство на промишлено хладилно и вентилационн"	"320"	"210"	"180"	"150"	"150"	"150"	"180"	"190"	"150"
"622"	"2924"	"Производство на други машини с общо предназначение"	"320"	"210"	"180"	"150"	"150"	"150"	"180"	"190"	"150"
"623"	"293"	"Производство на машини за селското и горското стоп"	"320"	"210"	"180"	"150"	"150"	"150"	"180"	"190"	"150"
"624"	"2931"	"Производство на трактори за селското и горското ст"	"320"	"210"	"180"	"150"	"150"	"150"	"180"	"190"	"150"
"625"	"2932"	"Производство на други машини за селското и горскот"	"320"	"210"	"180"	"150"	"150"	"150"	"180"	"190"	"150"
"626"	"294"	"Производство на обработващи машини"	"320"	"210"	"180"	"150"	"150"	"150"	"180"	"190"	"150"
"627"	"2941"	"Производство на преносими ръчни инструменти с вгра"	"320"	"210"	"180"	"150"	"150"	"150"	"180"	"190"	"150"
"628"	"2942"	"Производство на машини за обработка на метал"	"320"	"210"	"180"	"150"	"150"	"150"	"180"	"190"	"150"
"629"	"2943"	"Производство на други обработващи машини"	"320"	"210"	"180"	"150"	"150"	"150"	"180"	"190"	"150"
"630"	"295"	"Производство на други машини със специално предназ"	"320"	"210"	"180"	"150"	"150"	"150"	"180"	"190"	"150"
"631"	"2951"	"Производство на машини и оборудване за металургият"	"320"	"210"	"180"	"150"	"150"	"150"	"180"	"190"	"150"
"632"	"2952"	"Производство на машини за добив и строителство"	"320"	"210"	"180"	"150"	"150"	"150"	"180"	"190"	"150"
"633"	"2953"	"Производство на машини и оборудване за преработка"	"320"	"210"	"180"	"150"	"150"	"150"	"180"	"190"	"150"
"634"	"2954"	"Производство на машини за текстил, облекло, кожи и"	"320"	"210"	"180"	"150"	"150"	"150"	"180"	"190"	"150"
"635"	"2955"	"Производство на машини за дървесна маса, хартия, к"	"320"	"210"	"180"	"150"	"150"	"150"	"180"	"190"	"150"
"636"	"2956"	"Производство на други машини със специално предназ"	"320"	"210"	"180"	"150"	"150"	"150"	"180"	"190"	"150"
"637"	"296"	"Производство на въоръжение и боеприпаси"	"320"	"210"	"180"	"150"	"150"	"150"	"180"	"190"	"150"
"638"	"2960"	"Производство на въоръжение и боеприпаси"	"320"	"210"	"180"	"150"	"150"	"150"	"180"	"190"	"150"
"639"	"297"	"Производство на домакински уреди"	"320"	"210"	"180"	"150"	"150"	"150"	"180"	"190"	"150"
"640"	"2971"	"Производство на електрически домакински уреди"	"320"	"210"	"180"	"150"	"150"	"150"	"180"	"190"	"150"
"641"	"2972"	"Производство на неелектрически домакински уреди"	"320"	"210"	"180"	"150"	"150"	"150"	"180"	"190"	"150"
"642"	"300"	"Производство на канцеларска и електронноизчислител"	"330"	"220"	"200"	"150"	"150"	"0"	"180"	"160"	"150"
"643"	"3001"	"Производство на канцеларска техника"	"330"	"220"	"200"	"150"	"150"	"0"	"180"	"160"	"150"
"644"	"3002"	"Производство на електронноизчислителна техника"	"330"	"220"	"200"	"150"	"150"	"0"	"180"	"160"	"150"
"645"	"311"	"Производство на електродвигатели, електрически ген"	"330"	"220"	"200"	"150"	"150"	"0"	"180"	"160"	"150"
"646"	"3110"	"Производство на електродвигатели, електрически ген"	"330"	"220"	"200"	"150"	"150"	"0"	"180"	"160"	"150"
"647"	"312"	"Производство на електроразпределителни и контролни"	"330"	"220"	"200"	"150"	"150"	"0"	"180"	"160"	"150"
"648"	"3120"	"Производство на електроразпределителни и контролни"	"330"	"220"	"200"	"150"	"150"	"0"	"180"	"160"	"150"
"649"	"313"	"Производство на изолирани проводници и кабели"	"330"	"220"	"200"	"150"	"150"	"0"	"180"	"160"	"150"
"650"	"3130"	"Производство на изолирани проводници и кабели"	"330"	"220"	"200"	"150"	"150"	"0"	"180"	"160"	"150"
"651"	"314"	"Производство на електрически акумулатори, батерии"	"330"	"220"	"200"	"150"	"150"	"0"	"180"	"160"	"150"
"652"	"3140"	"Производство на електрически акумулатори, батерии"	"330"	"220"	"200"	"150"	"150"	"0"	"180"	"160"	"150"
"653"	"315"	"Производство на осветители и лампи"	"330"	"220"	"200"	"150"	"150"	"0"	"180"	"160"	"150"
"654"	"3150"	"Производство на осветители и лампи"	"330"	"220"	"200"	"150"	"150"	"0"	"180"	"160"	"150"
"655"	"316"	"Производство на електрически съоръжения, некласифи"	"330"	"220"	"200"	"150"	"150"	"0"	"180"	"160"	"150"
"656"	"3161"	"Производство на електрически съоръжения за двигате"	"330"	"220"	"200"	"150"	"150"	"0"	"180"	"160"	"150"
"657"	"3162"	"Производство на други електрически съоръжения, нeк"	"330"	"220"	"200"	"150"	"150"	"0"	"180"	"160"	"150"
"658"	"321"	"Производство на електронни лампи, тръби и други ел"	"330"	"220"	"200"	"150"	"150"	"0"	"180"	"160"	"150"
"659"	"3210"	"Производство на електронни лампи, тръби и други ел"	"330"	"220"	"200"	"150"	"150"	"0"	"180"	"160"	"150"
"660"	"322"	"Производство на излъчваща телевизионна и радиотехн"	"330"	"220"	"200"	"150"	"150"	"0"	"180"	"160"	"150"
"661"	"3220"	"Производство на излъчваща телевизионна и радиотехн"	"330"	"220"	"200"	"150"	"150"	"0"	"180"	"160"	"150"
"662"	"323"	"Производство на телевизионни и радиоприемници, апа"	"330"	"220"	"200"	"150"	"150"	"0"	"180"	"160"	"150"
"663"	"3230"	"Производство на телевизионни и радиоприемници, апа"	"330"	"220"	"200"	"150"	"150"	"0"	"180"	"160"	"150"
"664"	"331"	"Производство на медицинско и хирургическо оборудва"	"330"	"220"	"200"	"150"	"150"	"0"	"180"	"160"	"150"
"665"	"3310"	"Производство на медицинско и хирургическо оборудва"	"330"	"220"	"200"	"150"	"150"	"0"	"180"	"160"	"150"
"666"	"332"	"Производство на уреди и апарати за измерване, пров"	"330"	"220"	"200"	"150"	"150"	"0"	"180"	"160"	"150"
"667"	"3320"	"Производство на уреди и апарати за измерване, пров"	"330"	"220"	"200"	"150"	"150"	"0"	"180"	"160"	"150"
"668"	"333"	"Производство на оборудване за контрол на производс"	"330"	"220"	"200"	"150"	"150"	"0"	"180"	"160"	"150"
"669"	"3330"	"Производство на оборудване за контрол на производс"	"330"	"220"	"200"	"150"	"150"	"0"	"180"	"160"	"150"
"670"	"334"	"Производство на оптични уреди и елементи и фотогра"	"330"	"220"	"200"	"150"	"150"	"0"	"180"	"160"	"150"
"671"	"3340"	"Производство на оптични уреди и елементи и фотогра"	"330"	"220"	"200"	"150"	"150"	"0"	"180"	"160"	"150"
"672"	"335"	"Производство на часовници и часовникови механизми"	"330"	"220"	"200"	"150"	"150"	"0"	"180"	"160"	"150"
"673"	"3350"	"Производство на часовници и часовникови механизми"	"330"	"220"	"200"	"150"	"150"	"0"	"180"	"160"	"150"
"674"	"341"	"Производство на автомобили и двигатели за моторни"	"360"	"240"	"215"	"150"	"150"	"150"	"220"	"175"	"150"
"675"	"3410"	"Производство на автомобили и двигатели за моторни"	"360"	"240"	"215"	"150"	"150"	"150"	"220"	"175"	"150"
"676"	"342"	"Производство на каросерии за автомобили; производс"	"360"	"240"	"215"	"150"	"150"	"150"	"220"	"175"	"150"
"677"	"3420"	"Производство на каросерии за автомобили; производс"	"360"	"240"	"215"	"150"	"150"	"150"	"220"	"175"	"150"
"678"	"343"	"Производство на части и принадлежности за автомоби"	"360"	"240"	"215"	"150"	"150"	"150"	"220"	"175"	"150"
"679"	"3430"	"Производство на части и принадлежности за автомоби"	"360"	"240"	"215"	"150"	"150"	"150"	"220"	"175"	"150"
"680"	"351"	"Строителство и ремонт на плавателни съдове"	"360"	"240"	"215"	"150"	"150"	"150"	"220"	"175"	"150"
"681"	"3511"	"Строителство и ремонт на плавателни съдове, без те"	"360"	"240"	"215"	"150"	"150"	"150"	"220"	"175"	"150"
"682"	"3512"	"Строителство и ремонт на плавателни съдове за разв"	"360"	"240"	"215"	"150"	"150"	"150"	"220"	"175"	"150"
"683"	"352"	"Производство на локомотиви, мотриси и вагони"	"360"	"240"	"215"	"150"	"150"	"150"	"220"	"175"	"150"
"684"	"3520"	"Производство на локомотиви, мотриси и вагони"	"360"	"240"	"215"	"150"	"150"	"150"	"220"	"175"	"150"
"685"	"353"	"Производство на въздухоплавателни и космически сре"	"360"	"240"	"215"	"150"	"150"	"150"	"220"	"175"	"150"
"686"	"3530"	"Производство на въздухоплавателни и космически сре"	"360"	"240"	"215"	"150"	"150"	"150"	"220"	"175"	"150"
"687"	"354"	"Производство на мотоциклети и велосипеди"	"360"	"240"	"215"	"150"	"150"	"150"	"220"	"175"	"150"
"688"	"3541"	"Производство на мотоциклети"	"360"	"240"	"215"	"150"	"150"	"150"	"220"	"175"	"150"
"689"	"3542"	"Производство на велосипеди"	"360"	"240"	"215"	"150"	"150"	"150"	"220"	"175"	"150"
"690"	"3543"	"Производство на инвалидни колички"	"360"	"240"	"215"	"150"	"150"	"150"	"220"	"175"	"150"
"691"	"355"	"Производство на превозни средства, некласифицирани"	"360"	"240"	"215"	"150"	"150"	"150"	"220"	"175"	"150"
"692"	"3550"	"Производство на превозни средства, некласифицирани"	"360"	"240"	"215"	"150"	"150"	"150"	"220"	"175"	"150"
"693"	"361"	"Производство на мебели"	"220"	"200"	"180"	"150"	"150"	"0"	"160"	"160"	"150"
"694"	"3611"	"Производство на столове и седалки"	"220"	"200"	"180"	"150"	"150"	"0"	"160"	"160"	"150"
"695"	"3612"	"Производство на канцеларски и търговски мебели, бе"	"220"	"200"	"180"	"150"	"150"	"0"	"160"	"160"	"150"
"696"	"3613"	"Производство на кухненски мебели, без столове"	"220"	"200"	"180"	"150"	"150"	"0"	"160"	"160"	"150"
"697"	"3614"	"Производство на други мебели, без столове"	"220"	"200"	"180"	"150"	"150"	"0"	"160"	"160"	"150"
"698"	"3615"	"Производство на матраци и дюшеци"	"220"	"200"	"180"	"150"	"150"	"0"	"160"	"160"	"150"
"699"	"362"	"Производство на бижута и подобни изделия"	"280"	"190"	"180"	"150"	"150"	"150"	"150"	"160"	"150"
"700"	"3621"	"Сечене на монети"	"280"	"190"	"180"	"150"	"150"	"150"	"150"	"160"	"150"
"701"	"3622"	"Производство на бижутерийни и други изделия от бла"	"280"	"190"	"180"	"150"	"150"	"150"	"150"	"160"	"150"
"702"	"363"	"Производство на музикални инструменти"	"280"	"190"	"180"	"150"	"150"	"150"	"150"	"160"	"150"
"703"	"3630"	"Производство на музикални инструменти"	"280"	"190"	"180"	"150"	"150"	"150"	"150"	"160"	"150"
"704"	"364"	"Производство на спортни стоки"	"280"	"190"	"180"	"150"	"150"	"150"	"150"	"160"	"150"
"705"	"3640"	"Производство на спортни стоки"	"280"	"190"	"180"	"150"	"150"	"150"	"150"	"160"	"150"
"706"	"365"	"Производство на игри и детски играчки"	"280"	"190"	"180"	"150"	"150"	"150"	"150"	"160"	"150"
"707"	"3650"	"Производство на игри и детски играчки"	"280"	"190"	"180"	"150"	"150"	"150"	"150"	"160"	"150"
"708"	"366"	"Разнообразни производства, некласифицирани другаде"	"280"	"190"	"180"	"150"	"150"	"150"	"150"	"160"	"150"
"709"	"3661"	"Производство на бижута имитация"	"280"	"190"	"180"	"150"	"150"	"150"	"150"	"160"	"150"
"710"	"3662"	"Производство на метли и четки"	"280"	"190"	"180"	"150"	"150"	"150"	"150"	"160"	"150"
"711"	"3663"	"Други разнообразни производства, некласифицирани д"	"280"	"190"	"180"	"150"	"150"	"150"	"150"	"160"	"150"
"712"	"371"	"Рециклиране на метални отпадъци"	"280"	"190"	"180"	"150"	"150"	"150"	"150"	"160"	"150"
"713"	"3710"	"Рециклиране на метални отпадъци"	"280"	"190"	"180"	"150"	"150"	"150"	"150"	"160"	"150"
"714"	"372"	"Рециклиране на неметални отпадъци"	"280"	"190"	"180"	"150"	"150"	"150"	"150"	"160"	"150"
"715"	"3720"	"Рециклиране на неметални отпадъци"	"280"	"190"	"180"	"150"	"150"	"150"	"150"	"160"	"150"
"716"	"401"	"Производство, пренос и разпределение на електричес"	"530"	"430"	"380"	"210"	"180"	"0"	"300"	"280"	"150"
"717"	"4011"	"Производство на електрическа енергия"	"530"	"430"	"380"	"210"	"180"	"0"	"300"	"280"	"150"
"718"	"4012"	"Пренос на електрическа енергия"	"530"	"430"	"380"	"210"	"180"	"0"	"300"	"280"	"150"
"719"	"4013"	"Разпределение и търговия на електрическа енергия"	"530"	"430"	"380"	"210"	"180"	"0"	"300"	"280"	"150"
"720"	"402"	"Производство и разпределение на газообразни горива"	"580"	"400"	"380"	"230"	"200"	"150"	"270"	"300"	"200"
"721"	"4021"	"Производство на газообразни горива"	"580"	"400"	"380"	"230"	"200"	"150"	"270"	"300"	"200"
"722"	"4022"	"Разпределение и търговия на газообразни горива"	"580"	"400"	"380"	"230"	"200"	"150"	"270"	"300"	"200"
"723"	"403"	"Производство и разпределение на топлинна енергия"	"510"	"350"	"330"	"170"	"170"	"0"	"230"	"260"	"150"
"724"	"4030"	"Производство и разпределение на топлинна енергия"	"510"	"350"	"330"	"170"	"170"	"0"	"230"	"260"	"150"
"725"	"410"	"Събиране, пречистване и разпределение на вода"	"405"	"365"	"325"	"190"	"180"	"0"	"255"	"190"	"190"
"726"	"4100"	"Събиране, пречистване и разпределение на вода"	"405"	"365"	"325"	"190"	"180"	"0"	"255"	"190"	"190"
"727"	"451"	"Подготовка на строителната площадка"	"390"	"310"	"300"	"180"	"170"	"0"	"230"	"230"	"170"
"728"	"4511"	"Събаряне и разчистване на сгради; земни работи"	"390"	"310"	"300"	"180"	"170"	"0"	"230"	"230"	"170"
"729"	"4512"	"Сондиране и пробиване"	"390"	"310"	"300"	"180"	"170"	"0"	"230"	"230"	"170"
"730"	"452"	"Строителство на сгради и строителни съоръжения или"	"390"	"310"	"300"	"180"	"170"	"0"	"230"	"230"	"170"
"731"	"4521"	"Общо строителство на сгради и строителни съоръжени"	"390"	"310"	"300"	"180"	"170"	"0"	"230"	"230"	"170"
"732"	"4522"	"Строителство на покриви и хидроизолации"	"390"	"310"	"300"	"180"	"170"	"0"	"230"	"230"	"170"
"733"	"4523"	"Строителство на пътища, самолетни писти и спортни"	"405"	"330"	"330"	"205"	"150"	"150"	"240"	"230"	"150"
"734"	"4524"	"Строителство на хидротехнически съоръжения"	"390"	"310"	"300"	"180"	"170"	"0"	"230"	"230"	"170"
"735"	"4525"	"Други специализирани строителни дейности"	"390"	"310"	"300"	"180"	"170"	"0"	"230"	"230"	"170"
"736"	"453"	"Строителство на инсталации"	"390"	"310"	"300"	"180"	"170"	"0"	"230"	"230"	"170"
"737"	"4531"	"Строителство на електрически инсталации"	"390"	"310"	"300"	"180"	"170"	"0"	"230"	"230"	"170"
"738"	"4532"	"Изолационни строителни дейности"	"390"	"310"	"300"	"180"	"170"	"0"	"230"	"230"	"170"
"739"	"4533"	"Строителство на тръбопроводни инсталации"	"390"	"310"	"300"	"180"	"170"	"0"	"230"	"230"	"170"
"740"	"4534"	"Строителство на други инсталации"	"390"	"310"	"300"	"180"	"170"	"0"	"230"	"230"	"170"
"741"	"454"	"Довършителни строителни дейности"	"390"	"310"	"300"	"180"	"170"	"0"	"230"	"230"	"170"
"742"	"4541"	"Полагане на мазилки"	"390"	"310"	"300"	"180"	"170"	"0"	"230"	"230"	"170"
"743"	"4542"	"Монтаж на дограма, интериорни и други завършващи е"	"390"	"310"	"300"	"180"	"170"	"0"	"230"	"230"	"170"
"744"	"4543"	"Полагане на подови настилки и стенни облицовки"	"390"	"310"	"300"	"180"	"170"	"0"	"230"	"230"	"170"
"745"	"4544"	"Боядисване и стъклопоставяне"	"390"	"310"	"300"	"180"	"170"	"0"	"230"	"230"	"170"
"746"	"4545"	"Други довършителни строителни дейности"	"390"	"310"	"300"	"180"	"170"	"0"	"230"	"230"	"170"
"747"	"455"	"Даване под наем на строителни машини и оборудване,"	"390"	"310"	"300"	"180"	"170"	"0"	"230"	"230"	"170"
"748"	"4550"	"Даване под наем на строителни машини и оборудване,"	"390"	"310"	"300"	"180"	"170"	"0"	"230"	"230"	"170"
"749"	"501"	"Търговия с автомобили"	"390"	"350"	"300"	"200"	"170"	"160"	"200"	"210"	"150"
"750"	"5010"	"Търговия с автомобили"	"390"	"350"	"300"	"200"	"170"	"160"	"200"	"210"	"150"
"751"	"502"	"Техническо обслужване и ремонт на автомобили"	"390"	"350"	"300"	"200"	"170"	"160"	"200"	"210"	"150"
"752"	"5020"	"Техническо обслужване и ремонт на автомобили"	"390"	"350"	"300"	"200"	"170"	"160"	"200"	"210"	"150"
"753"	"503"	"Търговия с части и принадлежности за автомобили"	"390"	"350"	"300"	"200"	"170"	"160"	"200"	"210"	"150"
"754"	"5030"	"Търговия с части и принадлежности за автомобили"	"390"	"350"	"300"	"200"	"170"	"160"	"200"	"210"	"150"
"755"	"504"	"Търговия с мотоциклети, части и принадлежности за"	"390"	"350"	"300"	"200"	"170"	"160"	"200"	"210"	"150"
"756"	"5040"	"Търговия с мотоциклети, части и принадлежности за"	"390"	"350"	"300"	"200"	"170"	"160"	"200"	"210"	"150"
"757"	"505"	"Търговия на дребно с автомобилни горива и смазочни"	"390"	"350"	"300"	"200"	"170"	"160"	"200"	"210"	"150"
"758"	"5050"	"Търговия на дребно с автомобилни горива и смазочни"	"390"	"350"	"300"	"200"	"170"	"160"	"200"	"210"	"150"
"759"	"511"	"Търговско посредничество, без търговия с автомобил"	"390"	"350"	"300"	"200"	"170"	"160"	"200"	"210"	"150"
"760"	"5111"	"Търговско посредничество със селскостопански суров"	"390"	"350"	"300"	"200"	"170"	"160"	"200"	"210"	"150"
"761"	"5112"	"Търговско посредничество с горива, руди, метали и"	"390"	"350"	"300"	"200"	"170"	"160"	"200"	"210"	"150"
"762"	"5113"	"Търговско посредничество с дървен и строителен мат"	"390"	"350"	"300"	"200"	"170"	"160"	"200"	"210"	"150"
"763"	"5114"	"Търговско посредничество с машини, промишлено обор"	"390"	"350"	"300"	"200"	"170"	"160"	"200"	"210"	"150"
"764"	"5115"	"Търговско посредничество с мебели, стоки за домаки"	"390"	"350"	"300"	"200"	"170"	"160"	"200"	"210"	"150"
"765"	"5116"	"Търговско посредничество с текстил, облекло, обувк"	"390"	"350"	"300"	"200"	"170"	"160"	"200"	"210"	"150"
"766"	"5117"	"Търговско посредничество с хранителни продукти, на"	"390"	"350"	"300"	"200"	"170"	"160"	"200"	"210"	"150"
"767"	"5118"	"Търговско посредничество с други специфични стоки"	"390"	"350"	"300"	"200"	"170"	"160"	"200"	"210"	"150"
"768"	"5119"	"Търговско посредничество с разнообразни стоки"	"390"	"350"	"300"	"200"	"170"	"160"	"200"	"210"	"150"
"769"	"512"	"Tърговия на едро със селскостопански суровини и жи"	"390"	"350"	"300"	"200"	"170"	"160"	"200"	"210"	"150"
"770"	"5121"	"Търговия на едро със зърно, семена, фуражи и други"	"390"	"350"	"300"	"200"	"170"	"160"	"200"	"210"	"150"
"771"	"5122"	"Търговия на едро с цветя и растения"	"390"	"350"	"300"	"200"	"170"	"160"	"200"	"210"	"150"
"772"	"5123"	"Търговия на едро с живи животни"	"390"	"350"	"300"	"200"	"170"	"160"	"200"	"210"	"150"
"773"	"5124"	"Търговия на едро със сурови и обработени кожи"	"390"	"350"	"300"	"200"	"170"	"160"	"200"	"210"	"150"
"774"	"5125"	"Търговия на едро със суров и първично обработен тю"	"390"	"350"	"300"	"200"	"170"	"160"	"200"	"210"	"150"
"775"	"513"	"Търговия на едро с хранителни продукти, напитки и"	"390"	"350"	"300"	"200"	"170"	"160"	"200"	"210"	"150"
"776"	"5131"	"Търговия на едро с пресни плодове и зеленчуци"	"390"	"350"	"300"	"200"	"170"	"160"	"200"	"210"	"150"
"777"	"5132"	"Търговия на едро с месо и месни продукти"	"390"	"350"	"300"	"200"	"170"	"160"	"200"	"210"	"150"
"778"	"5133"	"Търговия на едро с мляко, млечни продукти, яйца, х"	"390"	"350"	"300"	"200"	"170"	"160"	"200"	"210"	"150"
"779"	"5134"	"Търговия на едро с алкохолни и други напитки"	"390"	"350"	"300"	"200"	"170"	"160"	"200"	"210"	"150"
"780"	"5135"	"Търговия на едро с тютюневи изделия"	"390"	"350"	"300"	"200"	"170"	"160"	"200"	"210"	"150"
"781"	"5136"	"Търговия на едро със захар, захарни изделия и шоко"	"390"	"350"	"300"	"200"	"170"	"160"	"200"	"210"	"150"
"782"	"5137"	"Търговия на едро с кафе, чай, какао и подправки"	"390"	"350"	"300"	"200"	"170"	"160"	"200"	"210"	"150"
"783"	"5138"	"Tърговия на едро с други хранителни продукти"	"390"	"350"	"300"	"200"	"170"	"160"	"200"	"210"	"150"
"784"	"5139"	"Неспециализирана търговия на едро с хранителни про"	"390"	"350"	"300"	"200"	"170"	"160"	"200"	"210"	"150"
"785"	"514"	"Търговия на едро със стоки за домакинството"	"390"	"350"	"300"	"200"	"170"	"160"	"200"	"210"	"150"
"786"	"5141"	"Търговия на едро с текстил"	"390"	"350"	"300"	"200"	"170"	"160"	"200"	"210"	"150"
"787"	"5142"	"Търговия на едро с облекло и обувки"	"390"	"350"	"300"	"200"	"170"	"160"	"200"	"210"	"150"
"788"	"5143"	"Търговия на едро с електрически домакински уреди и"	"390"	"350"	"300"	"200"	"170"	"160"	"200"	"210"	"150"
"789"	"5144"	"Търговия на едро с порцеланови и стъкларски издели"	"390"	"350"	"300"	"200"	"170"	"160"	"200"	"210"	"150"
"790"	"5145"	"Търговия на едро с парфюмерийни и козметични издел"	"390"	"350"	"300"	"200"	"170"	"160"	"200"	"210"	"150"
"791"	"5146"	"Търговия на едро с фармацевтични, медицински и орт"	"390"	"350"	"300"	"200"	"170"	"160"	"200"	"210"	"150"
"792"	"5147"	"Търговия на едро с други стоки за домакинството"	"390"	"350"	"300"	"200"	"170"	"160"	"200"	"210"	"150"
"793"	"515"	"Търговия на едро с неселскостопански междинни прод"	"390"	"350"	"300"	"200"	"170"	"160"	"200"	"210"	"150"
"794"	"5151"	"Търговия на едро с твърди, течни и газообразни гор"	"390"	"350"	"300"	"200"	"170"	"160"	"200"	"210"	"150"
"795"	"5152"	"Търговия на едро с метални руди и метали в първичн"	"390"	"350"	"300"	"200"	"170"	"160"	"200"	"210"	"150"
"796"	"5153"	"Търговия на едро с дървен материал, материали за с"	"390"	"350"	"300"	"200"	"170"	"160"	"200"	"210"	"150"
"797"	"5154"	"Търговия на едро с железария, водопроводно и отопл"	"390"	"350"	"300"	"200"	"170"	"160"	"200"	"210"	"150"
"798"	"5155"	"Търговия на едро с химични продукти"	"390"	"350"	"300"	"200"	"170"	"160"	"200"	"210"	"150"
"799"	"5156"	"Търговия на едро с други неселскостопански междинн"	"390"	"350"	"300"	"200"	"170"	"160"	"200"	"210"	"150"
"800"	"5157"	"Търговия на едро с отпадъци и скрап"	"390"	"350"	"300"	"200"	"170"	"160"	"200"	"210"	"150"
"801"	"518"	"Търговия на едро с машини и оборудване и части за"	"390"	"350"	"300"	"200"	"170"	"160"	"200"	"210"	"150"
"802"	"5181"	"Търговия на едро с обработващи машини и части за т"	"390"	"350"	"300"	"200"	"170"	"160"	"200"	"210"	"150"
"803"	"5182"	"Търговия на едро с машини и оборудване за добива,"	"390"	"350"	"300"	"200"	"170"	"160"	"200"	"210"	"150"
"804"	"5183"	"Търговия на едро с машини за текстил, облекло, кож"	"390"	"350"	"300"	"200"	"170"	"160"	"200"	"210"	"150"
"805"	"5184"	"Търговия на едро с електронноизчислителна техника,"	"390"	"350"	"300"	"200"	"170"	"160"	"200"	"210"	"150"
"806"	"5185"	"Търговия на едро с друга канцеларска техника, канц"	"390"	"350"	"300"	"200"	"170"	"160"	"200"	"210"	"150"
"807"	"5186"	"Търговия на едро с други електронни елементи и обо"	"390"	"350"	"300"	"200"	"170"	"160"	"200"	"210"	"150"
"808"	"5187"	"Търговия на едро с други машини и оборудване за пр"	"390"	"350"	"300"	"200"	"170"	"160"	"200"	"210"	"150"
"809"	"5188"	"Търговия на едро с трактори, машини и инвентар за"	"390"	"350"	"300"	"200"	"170"	"160"	"200"	"210"	"150"
"810"	"519"	"Друга търговия на едро"	"390"	"350"	"300"	"200"	"170"	"160"	"200"	"210"	"150"
"811"	"5190"	"Друга търговия на едро"	"390"	"350"	"300"	"200"	"170"	"160"	"200"	"210"	"150"
"812"	"521"	"Търговия на дребно в неспециализирани магазини"	"390"	"350"	"300"	"200"	"170"	"160"	"200"	"210"	"150"
"813"	"5211"	"Търговия на дребно в неспециализирани магазини пре"	"390"	"350"	"300"	"200"	"170"	"160"	"200"	"210"	"150"
"814"	"5212"	"Търговия на дребно в неспециализирани магазини с р"	"390"	"350"	"300"	"200"	"170"	"160"	"200"	"210"	"150"
"815"	"522"	"Търговия на дребно в специализирани магазини с хра"	"390"	"350"	"300"	"200"	"170"	"160"	"200"	"210"	"150"
"816"	"5221"	"Търговия на дребно с пресни плодове и зеленчуци"	"390"	"350"	"300"	"200"	"170"	"160"	"200"	"210"	"150"
"817"	"5222"	"Търговия на дребно с месо и месни продукти"	"390"	"350"	"300"	"200"	"170"	"160"	"200"	"210"	"150"
"818"	"5223"	"Търговия на дребно с риба, рибни продукти, ракообр"	"390"	"350"	"300"	"200"	"170"	"160"	"200"	"210"	"150"
"819"	"5224"	"Търговия на дребно с хляб, хлебни, захарни и сладк"	"390"	"350"	"300"	"200"	"170"	"160"	"200"	"210"	"150"
"820"	"5225"	"Търговия на дребно с алкохолни и други напитки"	"390"	"350"	"300"	"200"	"170"	"160"	"200"	"210"	"150"
"821"	"5226"	"Търговия на дребно с тютюневи изделия"	"390"	"350"	"300"	"200"	"170"	"160"	"200"	"210"	"150"
"822"	"5227"	"Търговия на дребно в специализирани магазини с дру"	"390"	"350"	"300"	"200"	"170"	"160"	"200"	"210"	"150"
"823"	"523"	"Търговия на дребно с фармацевтични и медицински ст"	"390"	"350"	"300"	"200"	"170"	"160"	"200"	"210"	"150"
"824"	"5231"	"Търговия на дребно с фармацевтични стоки"	"390"	"350"	"300"	"200"	"170"	"160"	"200"	"210"	"150"
"825"	"5232"	"Търговия на дребно с медицински и ортопедични сток"	"390"	"350"	"300"	"200"	"170"	"160"	"200"	"210"	"150"
"826"	"5233"	"Търговия на дребно с парфюмерийни, козметични изде"	"390"	"350"	"300"	"200"	"170"	"160"	"200"	"210"	"150"
"827"	"524"	"Търговия на дребно в специализирани магазини с дру"	"390"	"350"	"300"	"200"	"170"	"160"	"200"	"210"	"150"
"828"	"5241"	"Търговия на дребно с текстил"	"390"	"350"	"300"	"200"	"170"	"160"	"200"	"210"	"150"
"829"	"5242"	"Търговия на дребно с облекло"	"390"	"350"	"300"	"200"	"170"	"160"	"200"	"210"	"150"
"830"	"5243"	"Търговия на дребно с обувки и кожени изделия"	"390"	"350"	"300"	"200"	"170"	"160"	"200"	"210"	"150"
"831"	"5244"	"Търговия на дребно с мебели, осветители и стоки за"	"390"	"350"	"300"	"200"	"170"	"160"	"200"	"210"	"150"
"832"	"5245"	"Търговия на дребно с електрически домакински уреди"	"390"	"350"	"300"	"200"	"170"	"160"	"200"	"210"	"150"
"833"	"5246"	"Търговия на дребно с железария, бои и плоско стъкл"	"390"	"350"	"300"	"200"	"170"	"160"	"200"	"210"	"150"
"834"	"5247"	"Търговия на дребно с книги, вестници и канцеларски"	"390"	"350"	"300"	"200"	"170"	"160"	"200"	"210"	"150"
"835"	"5248"	"Търговия на дребно в специализирани магазини с дру"	"390"	"350"	"300"	"200"	"170"	"160"	"200"	"210"	"150"
"836"	"525"	"Търговия на дребно с употребявани стоки в магазини"	"390"	"350"	"300"	"200"	"170"	"160"	"200"	"210"	"150"
"837"	"5250"	"Търговия на дребно с употребявани стоки в магазини"	"390"	"350"	"300"	"200"	"170"	"160"	"200"	"210"	"150"
"838"	"526"	"Търговия на дребно, извършвана извън магазини"	"390"	"350"	"300"	"200"	"170"	"160"	"200"	"210"	"150"
"839"	"5261"	"Търговия на дребно чрез фирми, изпълняващи поръчки"	"390"	"350"	"300"	"200"	"170"	"160"	"200"	"210"	"150"
"840"	"5262"	"Търговия на дребно на открити щандове и пазари"	"390"	"350"	"300"	"200"	"170"	"160"	"200"	"210"	"150"
"841"	"5263"	"Търговия на дребно извън магазини, некласифицирана"	"390"	"350"	"300"	"200"	"170"	"160"	"200"	"210"	"150"
"842"	"527"	"Поправка и ремонт на лични вещи и стоки за домакин"	"390"	"350"	"300"	"200"	"170"	"160"	"200"	"210"	"150"
"843"	"5271"	"Поправка на обувки и изделия от кожа"	"390"	"350"	"300"	"200"	"170"	"160"	"200"	"210"	"150"
"844"	"5272"	"Ремонт на електрически домакински уреди"	"390"	"350"	"300"	"200"	"170"	"160"	"200"	"210"	"150"
"845"	"5273"	"Поправка на часовници и бижута"	"390"	"350"	"300"	"200"	"170"	"160"	"200"	"210"	"150"
"846"	"5274"	"Поправка и ремонт на лични вещи и стоки за домакин"	"390"	"350"	"300"	"200"	"170"	"160"	"200"	"210"	"150"
"847"	"551"	"Хотели"	"345"	"320"	"245"	"180"	"160"	"0"	"205"	"185"	"155"
"848"	"5510"	"Хотели"	"345"	"320"	"245"	"180"	"160"	"0"	"205"	"185"	"155"
"849"	"552"	"Къмпинги и други места за краткосрочно настаняване"	"345"	"320"	"245"	"180"	"160"	"0"	"205"	"185"	"155"
"850"	"5521"	"Туристически спални и хижи"	"345"	"320"	"245"	"180"	"160"	"0"	"205"	"185"	"155"
"851"	"5522"	"Къмпинги, вкл. места за каравани"	"345"	"320"	"245"	"180"	"160"	"0"	"205"	"185"	"155"
"852"	"5523"	"Други места за краткосрочно настаняване"	"345"	"320"	"245"	"180"	"160"	"0"	"205"	"185"	"155"
"853"	"553"	"Ресторанти"	"345"	"320"	"245"	"180"	"160"	"0"	"205"	"185"	"155"
"854"	"5530"	"Ресторанти"	"345"	"320"	"245"	"180"	"160"	"0"	"205"	"185"	"155"
"855"	"554"	"Питейни заведения"	"345"	"320"	"245"	"180"	"160"	"0"	"205"	"185"	"155"
"856"	"5540"	"Питейни заведения"	"345"	"320"	"245"	"180"	"160"	"0"	"205"	"185"	"155"
"857"	"555"	"Столове и заведения за приготвяне и доставяне на х"	"345"	"320"	"245"	"180"	"160"	"0"	"205"	"185"	"155"
"858"	"5551"	"Столове"	"345"	"320"	"245"	"180"	"160"	"0"	"205"	"185"	"155"
"859"	"5552"	"Заведения за приготвяне и доставяне на храна"	"345"	"320"	"245"	"180"	"160"	"0"	"205"	"185"	"155"
"860"	"601"	"Железопътен транспорт"	"310"	"280"	"220"	"150"	"150"	"0"	"170"	"180"	"150"
"861"	"6010"	"Железопътен транспорт"	"310"	"280"	"220"	"150"	"150"	"0"	"170"	"180"	"150"
"862"	"602"	"Друг сухопътен транспорт, без тръбопроводен"	"300"	"240"	"210"	"150"	"150"	"0"	"160"	"160"	"150"
"863"	"6021"	"Друг сухопътен пътнически транспорт по разписание"	"300"	"240"	"210"	"150"	"150"	"0"	"160"	"160"	"150"
"864"	"6022"	"Таксиметров пътнически транспорт"	"300"	"240"	"210"	"150"	"150"	"0"	"160"	"160"	"150"
"865"	"6023"	"Друг сухопътен пътнически транспорт без разписание"	"300"	"240"	"210"	"150"	"150"	"0"	"160"	"160"	"150"
"866"	"6024"	"Товарен автомобилен транспорт"	"300"	"240"	"210"	"150"	"150"	"0"	"160"	"160"	"150"
"867"	"603"	"Тръбопроводен транспорт"	"300"	"240"	"210"	"150"	"150"	"0"	"160"	"160"	"150"
"868"	"6030"	"Тръбопроводен транспорт"	"300"	"240"	"210"	"150"	"150"	"0"	"160"	"160"	"150"
"869"	"611"	"Морски и крайбрежен транспорт"	"330"	"310"	"260"	"155"	"150"	"0"	"170"	"180"	"150"
"870"	"6110"	"Морски и крайбрежен транспорт"	"330"	"310"	"260"	"155"	"150"	"0"	"170"	"180"	"150"
"871"	"612"	"Речен и друг транспорт по вътрешни водни пътища"	"330"	"310"	"260"	"155"	"150"	"0"	"170"	"180"	"150"
"872"	"6120"	"Речен и друг транспорт по вътрешни водни пътища"	"330"	"310"	"260"	"155"	"150"	"0"	"170"	"180"	"150"
"873"	"621"	"Въздушен транспорт по разписание"	"320"	"310"	"260"	"160"	"160"	"0"	"170"	"180"	"150"
"874"	"6210"	"Въздушен транспорт по разписание"	"320"	"310"	"260"	"160"	"160"	"0"	"170"	"180"	"150"
"875"	"622"	"Въздушен транспорт без разписание"	"320"	"310"	"260"	"160"	"160"	"0"	"170"	"180"	"150"
"876"	"6220"	"Въздушен транспорт без разписание"	"320"	"310"	"260"	"160"	"160"	"0"	"170"	"180"	"150"
"877"	"623"	"Космически транспорт"	"320"	"310"	"260"	"160"	"160"	"0"	"170"	"180"	"150"
"878"	"6230"	"Космически транспорт"	"320"	"310"	"260"	"160"	"160"	"0"	"170"	"180"	"150"
"879"	"631"	"Обработка и складиране на товари"	"320"	"300"	"240"	"150"	"0"	"0"	"170"	"150"	"150"
"880"	"6311"	"Обработка на товари"	"320"	"300"	"240"	"150"	"0"	"0"	"170"	"150"	"150"
"881"	"6312"	"Складиране и съхраняване на товари"	"320"	"300"	"240"	"150"	"0"	"0"	"170"	"150"	"150"
"882"	"632"	"Други спомагателни дейности в транспорта"	"320"	"300"	"240"	"150"	"0"	"0"	"170"	"150"	"150"
"883"	"6321"	"Други спомагателни дейности в сухопътния транспорт"	"320"	"300"	"240"	"150"	"0"	"0"	"170"	"150"	"150"
"884"	"6322"	"Други спомагателни дейности във водния транспорт"	"320"	"300"	"240"	"150"	"0"	"0"	"170"	"150"	"150"
"885"	"6323"	"Други спомагателни дейности във въздушния транспор"	"320"	"300"	"240"	"150"	"0"	"0"	"170"	"150"	"150"
"886"	"633"	"Дейности на туроператори и туристически агенции; с"	"320"	"300"	"240"	"150"	"0"	"0"	"170"	"150"	"150"
"887"	"6330"	"Дейности на туроператори и туристически агенции; с"	"320"	"300"	"240"	"150"	"0"	"0"	"170"	"150"	"150"
"888"	"634"	"Дейности на агенции, свързани с превоз на товари"	"320"	"300"	"240"	"150"	"0"	"0"	"170"	"150"	"150"
"889"	"6340"	"Дейности на агенции, свързани с превоз на товари"	"320"	"300"	"240"	"150"	"0"	"0"	"170"	"150"	"150"
"890"	"641"	"Дейност на националната поща, куриерска дейност"	"230"	"215"	"195"	"160"	"160"	"0"	"185"	"170"	"150"
"891"	"6411"	"Дейност на националната поща"	"230"	"215"	"195"	"160"	"160"	"0"	"185"	"170"	"150"
"892"	"6412"	"Куриерска дейност, различна от тази на националнат"	"230"	"215"	"195"	"160"	"160"	"0"	"185"	"170"	"150"
"893"	"642"	"Далекосъобщения"	"310"	"280"	"250"	"190"	"190"	"0"	"210"	"210"	"151"
"894"	"6420"	"Далекосъобщения"	"310"	"280"	"250"	"190"	"190"	"0"	"210"	"210"	"151"
"895"	"651"	"Парично посредничество"	"630"	"400"	"300"	"220"	"160"	"150"	"180"	"230"	"150"
"896"	"6511"	"Дейност на централната банка"	"630"	"400"	"300"	"220"	"160"	"150"	"180"	"230"	"150"
"897"	"6512"	"Друго парично посредничество"	"630"	"400"	"300"	"220"	"160"	"150"	"180"	"230"	"150"
"898"	"652"	"Друго финансово посредничество"	"630"	"400"	"300"	"220"	"160"	"150"	"180"	"230"	"150"
"899"	"6521"	"Финансов лизинг"	"630"	"400"	"300"	"220"	"160"	"150"	"180"	"230"	"150"
"900"	"6522"	"Други форми на предоставяне на кредит"	"630"	"400"	"300"	"220"	"160"	"150"	"180"	"230"	"150"
"901"	"6523"	"Друго финансово посредничество, некласифицирано др"	"630"	"400"	"300"	"220"	"160"	"150"	"180"	"230"	"150"
"902"	"660"	"Застрахователна дейност и дейност на самостоятелни"	"630"	"400"	"300"	"220"	"160"	"150"	"180"	"230"	"150"
"903"	"6601"	"Животозастраховане"	"630"	"400"	"300"	"220"	"160"	"150"	"180"	"230"	"150"
"904"	"6602"	"Дейност на самостоятелни осигурителни фондове"	"630"	"400"	"300"	"220"	"160"	"150"	"180"	"230"	"150"
"905"	"6603"	"Друго застраховане, без животозастраховане"	"630"	"400"	"300"	"220"	"160"	"150"	"180"	"230"	"150"
"906"	"671"	"Спомагателни дейности по финансово посредничество,"	"630"	"400"	"300"	"220"	"160"	"150"	"180"	"230"	"150"
"907"	"6711"	"Управление на финансови пазари"	"630"	"400"	"300"	"220"	"160"	"150"	"180"	"230"	"150"
"908"	"6712"	"Брокерски дейности с ценни книжа и управление на “"	"630"	"400"	"300"	"220"	"160"	"150"	"180"	"230"	"150"
"909"	"6713"	"Спомагателни дейности по финансово посредничество,"	"630"	"400"	"300"	"220"	"160"	"150"	"180"	"230"	"150"
"910"	"672"	"Спомагателни дейности по застраховане и осигуряван"	"630"	"400"	"300"	"220"	"160"	"150"	"180"	"230"	"150"
"911"	"6720"	"Спомагателни дейности по застраховане и осигуряван"	"630"	"400"	"300"	"220"	"160"	"150"	"180"	"230"	"150"
"912"	"701"	"Подготовка за продажба, покупка и продажба на собс"	"400"	"260"	"210"	"150"	"150"	"150"	"160"	"170"	"150"
"913"	"7011"	"Подготовка за продажба на недвижими имоти"	"400"	"260"	"210"	"150"	"150"	"150"	"160"	"170"	"150"
"914"	"7012"	"Покупка и продажба на собствени недвижими имоти"	"400"	"260"	"210"	"150"	"150"	"150"	"160"	"170"	"150"
"915"	"702"	"Даване под наем на собствени недвижими имоти"	"400"	"260"	"210"	"150"	"150"	"150"	"160"	"170"	"150"
"916"	"7020"	"Даване под наем на собствени недвижими имоти"	"400"	"260"	"210"	"150"	"150"	"150"	"160"	"170"	"150"
"917"	"703"	"Посредническа дейност по операции с недвижими имот"	"400"	"260"	"210"	"150"	"150"	"150"	"160"	"170"	"150"
"918"	"7031"	"Посредническа дейност на агенции за недвижими имот"	"400"	"260"	"210"	"150"	"150"	"150"	"160"	"170"	"150"
"919"	"7032"	"Посредническа дейност по управление на недвижими и"	"400"	"260"	"210"	"150"	"150"	"150"	"160"	"170"	"150"
"920"	"711"	"Даване под наем на леки и лекотоварни автомобили,"	"400"	"260"	"210"	"150"	"150"	"150"	"160"	"170"	"150"
"921"	"7110"	"Даване под наем на леки и лекотоварни автомобили,"	"400"	"260"	"210"	"150"	"150"	"150"	"160"	"170"	"150"
"922"	"712"	"Даване под наем на други превозни средства, без во"	"400"	"260"	"210"	"150"	"150"	"150"	"160"	"170"	"150"
"923"	"7121"	"Даване под наем на други средства за сухопътен тра"	"400"	"260"	"210"	"150"	"150"	"150"	"160"	"170"	"150"
"924"	"7122"	"Даване под наем на средства за воден транспорт, бе"	"400"	"260"	"210"	"150"	"150"	"150"	"160"	"170"	"150"
"925"	"7123"	"Даване под наем на средства за въздушен транспорт,"	"400"	"260"	"210"	"150"	"150"	"150"	"160"	"170"	"150"
"926"	"713"	"Даване под наем на други машини и техника, без опе"	"400"	"260"	"210"	"150"	"150"	"150"	"160"	"170"	"150"
"927"	"7131"	"Даване под наем на селскостопански машини и инвент"	"400"	"260"	"210"	"150"	"150"	"150"	"160"	"170"	"150"
"928"	"7132"	"Даване под наем на строителни машини и оборудване,"	"400"	"260"	"210"	"150"	"150"	"150"	"160"	"170"	"150"
"929"	"7133"	"Даване под наем на канцеларска, счетоводна и елект"	"400"	"260"	"210"	"150"	"150"	"150"	"160"	"170"	"150"
"930"	"7134"	"Даване под наем на други машини и техника, без опе"	"400"	"260"	"210"	"150"	"150"	"150"	"160"	"170"	"150"
"931"	"714"	"Даване под наем на лични и домакински вещи"	"400"	"260"	"210"	"150"	"150"	"150"	"160"	"170"	"150"
"932"	"7140"	"Даване под наем на лични и домакински вещи"	"400"	"260"	"210"	"150"	"150"	"150"	"160"	"170"	"150"
"933"	"721"	"Консултации по хардуер"	"400"	"260"	"210"	"150"	"150"	"150"	"160"	"170"	"150"
"934"	"7210"	"Консултации по хардуер"	"400"	"260"	"210"	"150"	"150"	"150"	"160"	"170"	"150"
"935"	"722"	"Разработване на софтуер"	"400"	"260"	"210"	"150"	"150"	"150"	"160"	"170"	"150"
"936"	"7221"	"Издаване на стандартен софтуер"	"400"	"260"	"210"	"150"	"150"	"150"	"160"	"170"	"150"
"937"	"7222"	"Други дейности по разработване на софтуер"	"400"	"260"	"210"	"150"	"150"	"150"	"160"	"170"	"150"
"938"	"723"	"Обработка на данни"	"400"	"260"	"210"	"150"	"150"	"150"	"160"	"170"	"150"
"939"	"7230"	"Обработка на данни"	"400"	"260"	"210"	"150"	"150"	"150"	"160"	"170"	"150"
"940"	"724"	"Дейности, свързани с бази от данни"	"400"	"260"	"210"	"150"	"150"	"150"	"160"	"170"	"150"
"941"	"7240"	"Дейности, свързани с бази от данни"	"400"	"260"	"210"	"150"	"150"	"150"	"160"	"170"	"150"
"942"	"725"	"Поддържане и ремонт на канцеларска, счетоводна и е"	"400"	"260"	"210"	"150"	"150"	"150"	"160"	"170"	"150"
"943"	"7250"	"Поддържане и ремонт на канцеларска, счетоводна и е"	"400"	"260"	"210"	"150"	"150"	"150"	"160"	"170"	"150"
"944"	"726"	"Други дейности в областта на компютърните технолог"	"400"	"260"	"210"	"150"	"150"	"150"	"160"	"170"	"150"
"945"	"7260"	"Други дейности в областта на компютърните технолог"	"400"	"260"	"210"	"150"	"150"	"150"	"160"	"170"	"150"
"946"	"731"	"Научноизследователска и развойна дейност в областт"	"281"	"202"	"180"	"169"	"150"	"150"	"157"	"157"	"157"
"947"	"7310"	"Научноизследователска и развойна дейност в областт"	"281"	"202"	"180"	"169"	"150"	"150"	"157"	"157"	"157"
"948"	"732"	"Научноизследователска и развойна дейност в областт"	"281"	"202"	"180"	"169"	"150"	"150"	"157"	"157"	"157"
"949"	"7320"	"Научноизследователска и развойна дейност в областт"	"281"	"202"	"180"	"169"	"150"	"150"	"157"	"157"	"157"
"950"	"741"	"Юридически, счетоводни и одиторски дейности; консу"	"400"	"260"	"210"	"150"	"150"	"150"	"160"	"170"	"150"
"951"	"7411"	"Юридически услуги"	"400"	"260"	"210"	"150"	"150"	"150"	"160"	"170"	"150"
"952"	"7412"	"Счетоводни и одиторски дейности; данъчни консултац"	"400"	"260"	"210"	"150"	"150"	"150"	"160"	"170"	"150"
"953"	"7413"	"Проучване на пазари и изследване на общественото м"	"400"	"260"	"210"	"150"	"150"	"150"	"160"	"170"	"150"
"954"	"7414"	"Консултации по управление и стопанска дейност"	"400"	"260"	"210"	"150"	"150"	"150"	"160"	"170"	"150"
"955"	"7415"	"Управление на холдингови дружества"	"400"	"260"	"210"	"150"	"150"	"150"	"160"	"170"	"150"
"956"	"742"	"Архитектурни и инженерни дейности и технически кон"	"400"	"260"	"210"	"150"	"150"	"150"	"160"	"170"	"150"
"957"	"7420"	"Архитектурни и инженерни дейности и технически кон"	"400"	"260"	"210"	"150"	"150"	"150"	"160"	"170"	"150"
"958"	"743"	"Дейности по технически изпитвания и анализи"	"400"	"260"	"210"	"150"	"150"	"150"	"160"	"170"	"150"
"959"	"7430"	"Дейности по технически изпитвания и анализи"	"400"	"260"	"210"	"150"	"150"	"150"	"160"	"170"	"150"
"960"	"744"	"Рекламна дейност"	"400"	"260"	"210"	"150"	"150"	"150"	"160"	"170"	"150"
"961"	"7440"	"Рекламна дейност"	"400"	"260"	"210"	"150"	"150"	"150"	"160"	"170"	"150"
"962"	"745"	"Посредническа дейност по набиране, насочване и пре"	"400"	"260"	"210"	"150"	"150"	"150"	"160"	"170"	"150"
"963"	"7450"	"Посредническа дейност по набиране, насочване и пре"	"400"	"260"	"210"	"150"	"150"	"150"	"160"	"170"	"150"
"964"	"746"	"Детективска и охранителна дейност"	"400"	"260"	"210"	"150"	"150"	"150"	"160"	"170"	"150"
"965"	"7460"	"Детективска и охранителна дейност"	"400"	"260"	"210"	"150"	"150"	"150"	"160"	"170"	"150"
"966"	"747"	"Почистване на сгради, промишлени инсталации и прев"	"400"	"260"	"210"	"150"	"150"	"150"	"160"	"170"	"150"
"967"	"7470"	"Почистване на сгради, промишлени инсталации и прев"	"400"	"260"	"210"	"150"	"150"	"150"	"160"	"170"	"150"
"968"	"748"	"Разнообразни бизнесуслуги, некласифицирани другаде"	"400"	"260"	"210"	"150"	"150"	"150"	"160"	"170"	"150"
"969"	"7481"	"Дейности в областта на фотографията"	"400"	"260"	"210"	"150"	"150"	"150"	"160"	"170"	"150"
"970"	"7482"	"Пакетиране на стоки"	"400"	"260"	"210"	"150"	"150"	"150"	"160"	"170"	"150"
"971"	"7485"	"Секретарски и преводачески дейности; размножаване"	"400"	"260"	"210"	"150"	"150"	"150"	"160"	"170"	"150"
"972"	"7486"	"Дейности на центрове за услуги чрез телефонни обаж"	"400"	"260"	"210"	"150"	"150"	"150"	"160"	"170"	"150"
"973"	"7487"	"Други бизнесуслуги, некласифицирани другаде"	"400"	"260"	"210"	"150"	"150"	"150"	"160"	"170"	"150"
"974"	"751"	"Управление на държавата и управление на икономичес"	"208"	"150"	"150"	"150"	"150"	"150"	"150"	"150"	"150"
"975"	"7511"	"Общофункционално управление на държавата на центра"	"208"	"150"	"150"	"150"	"150"	"150"	"150"	"150"	"150"
"976"	"7512"	"Държавно управление в областта на социалната полит"	"208"	"150"	"150"	"150"	"150"	"150"	"150"	"150"	"150"
"977"	"7513"	"Държавно управление в областта на стопанската дейн"	"208"	"150"	"150"	"150"	"150"	"150"	"150"	"150"	"150"
"978"	"7514"	"Спомагателни дейности за държавното управление кат"	"208"	"150"	"150"	"150"	"150"	"150"	"150"	"150"	"150"
"979"	"752"	"Услуги на държавното управление за обществото като"	"208"	"150"	"150"	"150"	"150"	"150"	"150"	"150"	"150"
"980"	"7521"	"Външни работи"	"208"	"150"	"150"	"150"	"150"	"150"	"150"	"150"	"150"
"981"	"7522"	"Дейности в областта на отбраната"	"208"	"150"	"150"	"150"	"150"	"150"	"150"	"150"	"150"
"982"	"7523"	"Правораздаване и съдебна дейност"	"208"	"150"	"150"	"150"	"150"	"150"	"150"	"150"	"150"
"983"	"7524"	"Дейности по защита на националната сигурност и опа"	"208"	"150"	"150"	"150"	"150"	"150"	"150"	"150"	"150"
"984"	"7525"	"Дейности по пожарна и аварийна безопасност"	"208"	"150"	"150"	"150"	"150"	"150"	"150"	"150"	"150"
"985"	"753"	"Задължително обществено осигуряване"	"208"	"150"	"150"	"150"	"150"	"150"	"150"	"150"	"150"
"986"	"7530"	"Задължително обществено осигуряване"	"208"	"150"	"150"	"150"	"150"	"150"	"150"	"150"	"150"
"987"	"801"	"Предучилищно и основно образование"	"287"	"241"	"202"	"150"	"150"	"150"	"150"	"150"	"150"
"988"	"8010"	"Предучилищно и основно образование"	"287"	"241"	"202"	"150"	"150"	"150"	"150"	"150"	"150"
"989"	"802"	"Средно общо и професионално образование"	"287"	"241"	"202"	"150"	"150"	"150"	"150"	"150"	"150"
"990"	"8021"	"Средно общо образование"	"287"	"241"	"202"	"150"	"150"	"150"	"150"	"150"	"150"
"991"	"8022"	"Средно професионално образование и обучение"	"287"	"241"	"202"	"150"	"150"	"150"	"150"	"150"	"150"
"992"	"803"	"Висше образование"	"287"	"241"	"202"	"150"	"150"	"150"	"150"	"150"	"150"
"993"	"8030"	"Висше образование"	"287"	"241"	"202"	"150"	"150"	"150"	"150"	"150"	"150"
"994"	"804"	"Образование за възрастни и друга образователна дей"	"287"	"241"	"202"	"150"	"150"	"150"	"150"	"150"	"150"
"995"	"8041"	"Обучение за придобиване на правоспособност за упра"	"287"	"241"	"202"	"150"	"150"	"150"	"150"	"150"	"150"
"996"	"8042"	"Друго обучение за възрастни и друга образователна"	"287"	"241"	"202"	"150"	"150"	"150"	"150"	"150"	"150"
"997"	"851"	"Хуманно здравеопазване"	"387"	"248"	"157"	"150"	"150"	"150"	"150"	"150"	"150"
"998"	"8511"	"Дейност на лечебни заведения за болнична помощ"	"400"	"300"	"200"	"150"	"150"	"0"	"170"	"170"	"150"
"999"	"8512"	"Дейност на лечебни заведения за извънболнична лека"	"387"	"248"	"157"	"150"	"150"	"150"	"150"	"150"	"150"
"1000"	"8513"	"Дейност на лечебни заведения за стоматологична пом"	"387"	"248"	"157"	"150"	"150"	"150"	"150"	"150"	"150"
"1001"	"8514"	"Друго хуманно здравеопазване"	"387"	"248"	"157"	"150"	"150"	"150"	"150"	"150"	"150"
"1002"	"852"	"Ветеринарна лечебна дейност"	"387"	"248"	"157"	"150"	"150"	"150"	"150"	"150"	"150"
"1003"	"8520"	"Ветеринарна лечебна дейност"	"387"	"248"	"157"	"150"	"150"	"150"	"150"	"150"	"150"
"1004"	"853"	"Социални дейности"	"159"	"153"	"153"	"150"	"150"	"150"	"150"	"150"	"150"
"1005"	"8531"	"Дейност на заведения за социални услуги с настаняв"	"159"	"153"	"153"	"150"	"150"	"150"	"150"	"150"	"150"
"1006"	"8532"	"Дейност на заведения за социални услуги без настан"	"159"	"153"	"153"	"150"	"150"	"150"	"150"	"150"	"150"
"1007"	"900"	"Събиране и третиране на отпадъци, почистване и въз"	"330"	"200"	"195"	"150"	"150"	"150"	"175"	"160"	"150"
"1008"	"9001"	"Събиране и третиране на отпадъчни води"	"330"	"200"	"195"	"150"	"150"	"150"	"175"	"160"	"150"
"1009"	"9002"	"Събиране и третиране на други отпадъци"	"330"	"200"	"195"	"150"	"150"	"150"	"175"	"160"	"150"
"1010"	"9003"	"Почистване, възстановяване и подобни дейности"	"330"	"200"	"195"	"150"	"150"	"150"	"175"	"160"	"150"
"1011"	"911"	"Дейности на бизнесорганизации, организации на рабо"	"355"	"250"	"185"	"150"	"150"	"150"	"170"	"155"	"150"
"1012"	"9111"	"Дейности на бизнесорганизации и организации на раб"	"355"	"250"	"185"	"150"	"150"	"150"	"170"	"155"	"150"
"1013"	"9112"	"Дейности на професионални съюзи и организации"	"355"	"250"	"185"	"150"	"150"	"150"	"170"	"155"	"150"
"1014"	"912"	"Дейности на синдикални организации"	"355"	"250"	"185"	"150"	"150"	"150"	"170"	"155"	"150"
"1015"	"9120"	"Дейности на синдикални организации"	"355"	"250"	"185"	"150"	"150"	"150"	"170"	"155"	"150"
"1016"	"913"	"Дейности на религиозни, политически и други органи"	"355"	"250"	"185"	"150"	"150"	"150"	"170"	"155"	"150"
"1017"	"9131"	"Дейности на религиозни организации"	"355"	"250"	"185"	"150"	"150"	"150"	"170"	"155"	"150"
"1018"	"9132"	"Дейности на политически организации"	"355"	"250"	"185"	"150"	"150"	"150"	"170"	"155"	"150"
"1019"	"9133"	"Дейности на други организации с нестопанска цел, н"	"355"	"250"	"185"	"150"	"150"	"150"	"170"	"155"	"150"
"1020"	"921"	"Производство, разпространение и прожектиране на ки"	"275"	"190"	"155"	"150"	"150"	"150"	"165"	"155"	"150"
"1021"	"9211"	"Производство на кино- и видеофилми"	"275"	"190"	"155"	"150"	"150"	"150"	"165"	"155"	"150"
"1022"	"9212"	"Разпространение на кино- и видеофилми"	"275"	"190"	"155"	"150"	"150"	"150"	"165"	"155"	"150"
"1023"	"9213"	"Прожектиране на филми"	"275"	"190"	"155"	"150"	"150"	"150"	"165"	"155"	"150"
"1024"	"922"	"Радио- и телевизионна дейност"	"275"	"190"	"155"	"150"	"150"	"150"	"165"	"155"	"150"
"1025"	"9220"	"Радио- и телевизионна дейност"	"275"	"190"	"155"	"150"	"150"	"150"	"165"	"155"	"150"
"1026"	"923"	"Артистична, творческа и развлекателна дейност"	"275"	"190"	"155"	"150"	"150"	"150"	"165"	"155"	"150"
"1027"	"9231"	"Артистична и творческа дейност"	"275"	"190"	"155"	"150"	"150"	"150"	"165"	"155"	"150"
"1028"	"9232"	"Експлоатация на театрални сгради, музикални и конц"	"275"	"190"	"155"	"150"	"150"	"150"	"165"	"155"	"150"
"1029"	"9233"	"Дейности на панаири и увеселителни паркове"	"275"	"190"	"155"	"150"	"150"	"150"	"165"	"155"	"150"
"1030"	"9234"	"Други развлекателни дейности, некласифицирани друг"	"275"	"190"	"155"	"150"	"150"	"150"	"165"	"155"	"150"
"1031"	"924"	"Дейности на информационни агенции"	"275"	"190"	"155"	"150"	"150"	"150"	"165"	"155"	"150"
"1032"	"9240"	"Дейности на информационни агенции"	"275"	"190"	"155"	"150"	"150"	"150"	"165"	"155"	"150"
"1033"	"925"	"Дейности на библиотеки, архиви, музеи и галерии"	"275"	"190"	"155"	"150"	"150"	"150"	"165"	"155"	"150"
"1034"	"9251"	"Дейности на библиотеки и архиви"	"275"	"190"	"155"	"150"	"150"	"150"	"165"	"155"	"150"
"1035"	"9252"	"Дейности на музеи и галерии; опазване на паметници"	"275"	"190"	"155"	"150"	"150"	"150"	"165"	"155"	"150"
"1036"	"9253"	"Поддържане и експлоатация на ботанически градини,"	"275"	"190"	"155"	"150"	"150"	"150"	"165"	"155"	"150"
"1037"	"926"	"Дейности в областта на физическата култура и спорт"	"275"	"190"	"155"	"150"	"150"	"150"	"165"	"155"	"150"
"1038"	"9261"	"Поддържане и експлоатация на спортни обекти и съор"	"275"	"190"	"155"	"150"	"150"	"150"	"165"	"155"	"150"
"1039"	"9262"	"Други дейности в областта на физическата култура и"	"275"	"190"	"155"	"150"	"150"	"150"	"165"	"155"	"150"
"1040"	"927"	"Други дейности, свързани със свободното време"	"275"	"190"	"155"	"150"	"150"	"150"	"165"	"155"	"150"
"1041"	"9271"	"Залагания и хазарт"	"275"	"190"	"155"	"150"	"150"	"150"	"165"	"155"	"150"
"1042"	"9272"	"Други дейности, свързани със свободното време, нек"	"275"	"190"	"155"	"150"	"150"	"150"	"165"	"155"	"150"
"1043"	"930"	"Други услуги за населението"	"215"	"175"	"155"	"150"	"150"	"150"	"175"	"155"	"150"
"1044"	"9301"	"Пране и химическо чистене на текстилни и кожени из"	"215"	"175"	"155"	"150"	"150"	"150"	"175"	"155"	"150"
"1045"	"9302"	"Бръснаро-фризьорски и козметични услуги"	"215"	"175"	"155"	"150"	"150"	"150"	"175"	"155"	"150"
"1046"	"9303"	"Дейности, свързани с погребения или кремация"	"215"	"175"	"155"	"150"	"150"	"150"	"175"	"155"	"150"
"1047"	"9304"	"Дейности по поддържане на физическото състояние"	"215"	"175"	"155"	"150"	"150"	"150"	"175"	"155"	"150"
"1048"	"9305"	"Други услуги за населението, некласифицирани друга"	"215"	"175"	"155"	"150"	"150"	"150"	"175"	"155"	"150"
"1049"	"950"	"Дейности на домакинства като работодатели на домаш"	"215"	"175"	"155"	"150"	"150"	"150"	"175"	"155"	"150"
"1050"	"9500"	"Дейности на домакинства като работодатели на домаш"	"215"	"175"	"155"	"150"	"150"	"150"	"175"	"155"	"150"
"1051"	"960"	"Недиференцирани дейности на домакинства като произ"	"215"	"175"	"155"	"150"	"150"	"150"	"175"	"155"	"150"
"1052"	"9600"	"Недиференцирани дейности на домакинства като произ"	"215"	"175"	"155"	"150"	"150"	"150"	"175"	"155"	"150"
"1053"	"970"	"Недиференцирани дейности на домакинства като произ"	"215"	"175"	"155"	"150"	"150"	"150"	"175"	"155"	"150"
"1054"	"9700"	"Недиференцирани дейности на домакинства като произ"	"215"	"175"	"155"	"150"	"150"	"150"	"175"	"155"	"150"
"1055"	"990"	"Екстериториални организации и служби"	"355"	"250"	"185"	"150"	"150"	"150"	"170"	"155"	"150"
"1056"	"9900"	"Екстериториални организации и служби"	"355"	"250"	"185"	"150"	"150"	"150"	"170"	"155"	"150"
